,期数,红球_1,红球_2,红球_3,红球_4,红球_5,蓝球_1,蓝球_2
0,23071,02,11,12,32,34,10,12
1,23070,10,26,29,32,33,03,11
2,23069,08,20,21,25,32,05,07
3,23068,21,22,24,27,31,07,08
4,23067,02,28,30,33,35,02,10
5,23066,06,11,13,30,32,01,03
6,23065,08,14,16,21,25,03,12
7,23064,02,06,09,31,32,03,07
8,23063,04,18,29,31,34,06,09
9,23062,06,08,22,24,30,01,08
10,23061,07,11,21,30,32,05,07
11,23060,02,07,19,24,30,09,12
12,23059,09,13,23,25,28,04,07
13,23058,19,22,29,32,35,05,08
14,23057,01,05,06,19,24,05,11
15,23056,13,22,24,33,34,01,02
16,23055,06,08,12,13,15,01,06
17,23054,19,25,30,31,34,07,09
18,23053,01,03,11,14,20,02,11
19,23052,02,08,11,30,33,05,08
20,23051,03,11,19,29,33,03,12
21,23050,08,09,14,25,29,04,06
22,23049,03,17,22,26,28,07,12
23,23048,07,13,16,25,32,09,11
24,23047,10,12,13,24,25,11,12
25,23046,13,21,25,28,32,02,10
26,23045,07,10,13,28,31,04,05
27,23044,02,06,07,08,15,07,10
28,23043,02,04,17,20,27,01,08
29,23042,02,16,21,23,27,01,08
30,23041,05,08,13,26,35,05,09
31,23040,04,05,18,22,30,05,12
32,23039,02,24,26,30,34,06,07
33,23038,04,10,18,27,32,10,12
34,23037,06,08,16,20,24,07,08
35,23036,01,13,22,26,31,02,10
36,23035,07,14,23,25,29,02,11
37,23034,07,09,10,15,24,04,12
38,23033,04,06,10,11,25,07,09
39,23032,05,06,18,28,30,02,07
40,23031,05,07,08,16,25,03,11
41,23030,06,11,12,20,35,05,12
42,23029,07,25,27,34,35,09,11
43,23028,01,03,29,30,34,04,12
44,23027,09,10,12,15,23,03,06
45,23026,02,13,24,27,30,01,06
46,23025,03,09,27,30,31,11,12
47,23024,11,15,24,27,30,01,10
48,23023,09,21,23,25,33,03,10
49,23022,07,11,15,26,28,08,10
50,23021,02,09,18,23,27,03,05
51,23020,05,06,23,25,28,06,09
52,23019,05,08,09,11,15,06,08
53,23018,04,08,17,26,30,03,11
54,23017,02,05,09,22,27,10,11
55,23016,02,04,12,31,32,07,11
56,23015,08,16,24,25,34,08,12
57,23014,03,08,18,22,24,01,09
58,23013,01,02,09,23,25,02,06
59,23012,07,16,17,18,28,02,03
60,23011,02,07,08,17,25,01,03
61,23010,05,06,13,23,26,01,06
62,23009,01,05,11,15,33,01,10
63,23008,04,09,17,22,25,01,05
64,23007,02,03,24,30,32,01,06
65,23006,02,04,12,27,35,06,07
66,23005,01,03,10,20,29,06,11
67,23004,04,13,15,20,22,04,08
68,23003,05,06,14,21,22,02,09
69,23002,11,14,21,26,27,02,07
70,23001,18,19,24,27,34,11,12
71,22150,06,07,26,29,30,03,12
72,22149,15,19,22,26,28,02,07
73,22148,04,05,06,26,27,07,12
74,22147,04,12,22,28,30,09,11
75,22146,01,21,23,28,35,07,09
76,22145,10,20,29,30,35,06,09
77,22144,03,04,08,15,21,04,07
78,22143,10,13,14,27,33,07,08
79,22142,07,12,14,29,35,01,11
80,22141,05,06,14,24,25,02,04
81,22140,05,15,25,26,29,04,12
82,22139,01,13,14,22,35,02,05
83,22138,05,13,16,27,33,07,12
84,22137,05,06,08,15,20,07,08
85,22136,01,11,15,17,33,03,11
86,22135,09,10,27,31,32,01,03
87,22134,03,16,23,27,32,03,06
88,22133,01,02,14,30,31,06,09
89,22132,02,27,30,34,35,09,12
90,22131,02,06,08,10,17,05,06
91,22130,05,07,15,18,23,05,10
92,22129,10,17,23,34,35,01,04
93,22128,10,19,21,23,35,04,10
94,22127,02,03,08,09,20,04,10
95,22126,04,05,08,22,35,01,03
96,22125,03,07,14,16,19,01,11
97,22124,02,04,11,25,30,06,12
98,22123,02,20,28,29,30,07,10
99,22122,04,15,17,19,25,06,12
100,22121,04,15,16,20,21,04,05
101,22120,11,22,26,30,33,03,05
102,22119,01,09,16,25,29,04,09
103,22118,02,05,15,17,26,02,08
104,22117,09,12,15,21,32,02,07
105,22116,01,07,20,22,31,07,12
106,22115,17,19,20,23,27,03,08
107,22114,11,21,24,27,28,05,10
108,22113,13,15,22,31,33,05,12
109,22112,04,11,18,20,26,06,12
110,22111,06,12,16,19,31,06,10
111,22110,02,13,16,18,23,03,06
112,22109,05,09,24,29,35,05,12
113,22108,04,07,13,26,28,07,11
114,22107,07,09,19,28,29,08,10
115,22106,16,17,21,28,32,04,07
116,22105,01,08,09,21,22,01,04
117,22104,03,05,13,19,25,02,05
118,22103,08,12,16,21,32,01,12
119,22102,01,05,14,20,30,02,04
120,22101,02,04,06,07,08,03,06
121,22100,10,19,20,23,31,03,07
122,22099,07,18,25,27,33,04,05
123,22098,01,03,06,11,13,03,11
124,22097,05,13,22,28,29,05,11
125,22096,16,19,24,27,33,01,06
126,22095,05,08,22,25,35,02,07
127,22094,03,04,07,12,19,02,05
128,22093,07,11,14,21,29,07,10
129,22092,01,04,12,23,29,05,12
130,22091,02,11,20,22,34,04,12
131,22090,01,20,24,25,31,09,12
132,22089,01,20,21,31,33,03,11
133,22088,01,08,10,20,35,06,11
134,22087,04,06,10,24,28,06,12
135,22086,04,10,21,28,31,08,11
136,22085,11,16,31,33,35,06,08
137,22084,03,11,19,25,27,04,12
138,22083,02,09,17,26,32,04,06
139,22082,04,26,27,30,33,02,09
140,22081,05,10,19,31,32,09,10
141,22080,10,17,30,31,34,03,06
142,22079,07,10,19,26,32,08,12
143,22078,02,03,18,20,27,01,02
144,22077,05,10,11,16,19,01,10
145,22076,05,17,30,34,35,02,09
146,22075,04,12,13,17,18,07,09
147,22074,02,06,21,25,28,02,06
148,22073,11,18,21,25,32,02,04
149,22072,01,12,13,15,30,03,07
150,22071,09,15,19,25,29,08,09
151,22070,01,07,17,23,35,07,11
152,22069,02,03,23,28,35,02,09
153,22068,03,06,10,15,23,03,08
154,22067,04,14,15,32,33,10,11
155,22066,02,24,25,26,34,03,12
156,22065,05,10,13,22,28,01,04
157,22064,02,19,22,25,35,05,07
158,22063,02,03,22,26,31,06,10
159,22062,05,09,11,12,31,07,11
160,22061,06,09,19,22,30,01,06
161,22060,02,06,10,11,20,03,09
162,22059,04,15,18,32,34,04,09
163,22058,03,04,24,26,35,07,08
164,22057,06,12,18,21,35,07,10
165,22056,02,11,15,17,31,07,09
166,22055,01,02,12,15,23,04,06
167,22054,05,16,21,23,34,07,10
168,22053,09,17,19,20,25,01,09
169,22052,01,13,18,29,35,04,09
170,22051,01,16,17,19,33,05,06
171,22050,02,10,21,24,30,08,10
172,22049,06,10,20,28,35,01,10
173,22048,16,22,28,29,32,08,09
174,22047,07,10,11,12,33,03,11
175,22046,06,07,12,22,27,03,05
176,22045,02,03,07,12,20,01,05
177,22044,01,02,16,17,20,03,07
178,22043,02,16,17,24,30,09,12
179,22042,08,10,11,29,32,02,06
180,22041,05,15,25,26,33,06,11
181,22040,10,19,25,29,33,08,12
182,22039,01,08,11,22,31,05,11
183,22038,07,09,11,12,26,09,12
184,22037,01,09,17,20,28,06,10
185,22036,18,19,21,26,34,06,07
186,22035,09,11,13,23,31,05,08
187,22034,02,10,24,27,28,06,07
188,22033,08,15,16,19,33,03,04
189,22032,05,09,18,31,32,01,05
190,22031,07,14,16,20,28,04,08
191,22030,12,14,15,21,30,01,09
192,22029,07,08,10,14,17,10,12
193,22028,04,09,16,17,35,01,07
194,22027,03,06,11,31,32,05,12
195,22026,11,14,22,23,27,08,10
196,22025,04,07,22,24,29,01,07
197,22024,01,02,11,30,35,01,12
198,22023,04,05,18,20,25,11,12
199,22022,01,05,14,17,28,06,07
200,22021,11,15,16,18,35,06,09
201,22020,16,17,30,31,35,08,09
202,22019,01,04,07,17,21,01,02
203,22018,16,21,29,31,34,06,09
204,22017,10,14,18,23,25,07,11
205,22016,01,07,17,26,32,01,09
206,22015,01,02,08,12,30,05,12
207,22014,01,04,10,18,32,01,09
208,22013,04,09,16,25,32,05,06
209,22012,03,05,10,33,34,07,10
210,22011,03,05,17,24,32,05,12
211,22010,04,19,25,31,35,02,11
212,22009,13,14,18,31,33,07,10
213,22008,01,02,13,18,34,06,07
214,22007,05,22,23,25,35,03,11
215,22006,01,05,07,17,20,05,12
216,22005,02,13,17,19,34,05,09
217,22004,07,20,27,30,33,03,04
218,22003,02,18,24,25,34,08,12
219,22002,04,06,07,09,24,04,12
220,22001,08,11,19,22,29,03,11
221,21150,04,10,11,23,26,07,10
222,21149,20,26,28,30,35,10,11
223,21148,01,04,12,16,29,04,08
224,21147,01,02,08,12,26,01,07
225,21146,03,05,08,18,20,09,11
226,21145,03,08,25,29,30,01,06
227,21144,03,20,25,30,34,02,09
228,21143,09,17,19,29,34,04,11
229,21142,11,13,17,19,25,02,09
230,21141,02,08,16,29,34,05,12
231,21140,05,24,26,33,35,09,12
232,21139,05,13,18,23,34,08,09
233,21138,09,11,12,15,31,05,11
234,21137,02,07,13,14,19,04,05
235,21136,08,12,19,27,33,02,05
236,21135,04,07,17,29,31,05,06
237,21134,02,06,14,19,28,01,06
238,21133,08,09,17,26,28,06,08
239,21132,04,21,28,29,33,03,11
240,21131,06,08,16,34,35,05,06
241,21130,02,03,14,27,28,05,10
242,21129,02,16,17,18,34,04,10
243,21128,14,17,18,23,27,05,08
244,21127,01,02,15,17,26,02,11
245,21126,01,11,12,34,35,09,12
246,21125,17,19,21,27,31,04,09
247,21124,10,17,22,25,35,07,09
248,21123,08,23,26,27,33,08,09
249,21122,14,15,26,27,29,04,05
250,21121,02,15,19,29,30,02,09
251,21120,05,10,21,25,31,05,11
252,21119,01,02,09,16,30,09,10
253,21118,14,17,18,28,34,02,03
254,21117,11,18,21,22,33,05,06
255,21116,04,25,28,29,35,03,11
256,21115,08,13,19,20,29,06,10
257,21114,08,09,13,29,30,01,11
258,21113,17,18,25,27,28,04,08
259,21112,18,21,22,23,35,11,12
260,21111,07,08,15,19,28,08,09
261,21110,11,14,29,31,32,11,12
262,21109,03,04,07,27,31,06,09
263,21108,05,19,22,26,35,02,06
264,21107,03,05,13,20,25,07,11
265,21106,02,13,14,32,34,02,12
266,21105,07,10,11,17,18,04,09
267,21104,23,25,26,30,33,03,11
268,21103,04,10,23,30,31,05,11
269,21102,02,08,11,16,23,02,07
270,21101,13,18,19,27,32,06,11
271,21100,07,11,23,26,28,02,07
272,21099,15,19,27,28,30,03,04
273,21098,02,07,21,27,33,07,09
274,21097,11,26,30,31,33,03,10
275,21096,07,08,10,20,21,01,05
276,21095,10,15,19,20,30,11,12
277,21094,05,06,24,27,33,05,12
278,21093,20,25,27,28,31,08,11
279,21092,12,14,27,28,34,03,07
280,21091,01,04,10,21,29,03,05
281,21090,06,07,19,26,32,06,12
282,21089,01,17,24,28,35,10,12
283,21088,02,14,31,34,35,01,07
284,21087,10,14,15,25,28,03,10
285,21086,02,03,07,16,17,06,10
286,21085,01,12,15,26,35,10,11
287,21084,02,10,14,30,33,06,09
288,21083,07,09,11,26,35,01,08
289,21082,01,14,22,29,33,03,10
290,21081,05,13,24,29,35,07,08
291,21080,15,16,20,29,30,06,10
292,21079,06,14,19,26,33,08,11
293,21078,02,08,17,19,25,01,05
294,21077,02,06,09,21,25,06,08
295,21076,06,13,22,25,26,02,04
296,21075,06,14,15,17,20,01,05
297,21074,11,14,18,20,25,03,07
298,21073,08,12,14,20,24,06,10
299,21072,02,03,15,22,26,03,11
300,21071,08,11,16,29,35,01,04
301,21070,03,20,21,22,24,06,12
302,21069,01,03,24,32,33,04,06
303,21068,02,20,21,26,30,02,10
304,21067,01,04,22,23,34,08,09
305,21066,24,26,29,34,35,09,11
306,21065,23,25,30,31,35,07,08
307,21064,01,17,19,32,34,06,10
308,21063,05,09,14,29,30,09,11
309,21062,04,06,23,32,34,05,07
310,21061,15,19,20,26,32,04,07
311,21060,09,13,25,31,33,03,07
312,21059,04,16,27,28,35,02,09
313,21058,13,15,17,23,34,01,11
314,21057,05,07,19,20,28,05,07
315,21056,03,11,16,21,26,09,10
316,21055,03,06,10,11,24,10,11
317,21054,03,06,17,20,25,03,09
318,21053,03,06,15,17,35,07,11
319,21052,02,11,13,14,30,09,12
320,21051,01,04,14,16,19,03,04
321,21050,09,22,32,33,35,05,10
322,21049,01,10,22,23,25,02,12
323,21048,04,07,17,21,27,10,12
324,21047,01,06,09,25,33,04,08
325,21046,06,08,12,14,18,06,08
326,21045,01,04,06,11,19,07,09
327,21044,06,18,31,33,35,10,11
328,21043,07,12,17,19,34,01,10
329,21042,09,15,20,23,29,04,05
330,21041,02,05,09,11,32,04,09
331,21040,02,03,09,16,19,03,07
332,21039,04,12,14,21,35,02,11
333,21038,09,11,20,29,32,01,07
334,21037,10,21,27,29,33,04,12
335,21036,08,17,25,28,33,07,11
336,21035,05,11,16,30,32,03,04
337,21034,08,10,14,25,34,07,08
338,21033,01,03,05,30,32,01,05
339,21032,01,11,14,34,35,07,10
340,21031,01,04,19,20,34,03,05
341,21030,18,23,25,26,32,02,07
342,21029,02,06,10,32,33,04,07
343,21028,02,03,05,17,29,04,10
344,21027,09,21,22,26,30,04,12
345,21026,07,11,20,24,27,01,11
346,21025,17,18,23,30,31,10,12
347,21024,11,14,21,24,31,02,10
348,21023,07,09,13,16,32,02,09
349,21022,02,12,22,30,33,02,04
350,21021,16,18,29,33,35,09,12
351,21020,07,21,22,30,33,04,06
352,21019,01,12,13,28,29,03,04
353,21018,02,20,23,26,34,05,10
354,21017,17,21,26,29,32,02,07
355,21016,08,09,10,19,34,01,02
356,21015,04,08,17,19,25,01,07
357,21014,07,13,20,27,29,04,09
358,21013,21,27,28,30,34,08,11
359,21012,06,12,20,23,33,01,09
360,21011,06,09,11,14,21,01,03
361,21010,01,05,16,22,34,08,11
362,21009,01,03,20,29,32,05,12
363,21008,05,19,20,27,33,03,08
364,21007,05,23,30,34,35,08,10
365,21006,04,22,25,28,35,04,05
366,21005,03,07,10,12,35,03,05
367,21004,05,10,17,23,28,02,08
368,21003,07,21,28,31,35,04,10
369,21002,02,16,26,31,34,09,11
370,21001,02,06,12,19,33,08,09
371,20134,08,11,13,22,25,04,07
372,20133,11,24,26,33,35,08,09
373,20132,03,15,16,17,21,07,10
374,20131,08,25,27,29,35,02,03
375,20130,16,17,23,26,32,02,12
376,20129,10,22,27,33,34,01,11
377,20128,09,12,13,26,33,04,10
378,20127,01,04,17,18,26,03,10
379,20126,01,04,09,22,28,04,12
380,20125,01,02,03,08,22,01,04
381,20124,11,15,24,26,35,04,05
382,20123,01,07,11,15,21,04,11
383,20122,08,19,29,34,35,06,11
384,20121,09,17,27,28,35,03,08
385,20120,05,25,26,30,35,04,10
386,20119,14,22,24,28,32,07,08
387,20118,01,09,15,30,33,04,09
388,20117,07,19,20,23,24,05,10
389,20116,08,10,12,16,22,03,09
390,20115,01,09,18,19,23,01,09
391,20114,10,12,21,24,30,03,07
392,20113,06,14,18,28,33,02,05
393,20112,08,11,13,30,32,02,06
394,20111,05,07,09,20,28,02,07
395,20110,11,16,20,21,28,05,11
396,20109,02,20,21,23,32,06,12
397,20108,02,03,06,07,33,08,09
398,20107,01,04,13,17,28,03,07
399,20106,02,03,11,14,27,04,10
400,20105,03,08,12,13,22,04,12
401,20104,03,12,23,26,30,04,07
402,20103,07,12,13,19,23,02,08
403,20102,07,11,18,20,29,09,12
404,20101,03,04,05,09,34,07,09
405,20100,04,05,08,22,33,07,10
406,20099,02,03,11,15,27,04,12
407,20098,04,09,15,24,35,04,10
408,20097,05,25,27,30,34,06,12
409,20096,07,08,10,25,28,03,11
410,20095,02,18,25,26,32,02,07
411,20094,04,06,07,08,16,02,08
412,20093,06,14,25,27,28,04,11
413,20092,08,11,17,31,35,07,11
414,20091,12,16,20,23,31,05,12
415,20090,05,06,27,28,29,11,12
416,20089,13,16,20,22,27,01,02
417,20088,02,07,23,26,35,01,12
418,20087,01,04,20,23,29,04,08
419,20086,08,11,15,20,28,04,10
420,20085,03,04,11,15,28,02,03
421,20084,02,10,20,24,31,06,12
422,20083,01,02,17,32,34,04,09
423,20082,02,11,12,21,34,04,08
424,20081,01,13,15,32,35,08,10
425,20080,03,06,22,24,25,09,10
426,20079,04,16,24,29,35,02,12
427,20078,14,18,20,28,34,10,11
428,20077,17,23,28,29,32,01,03
429,20076,01,08,18,28,30,10,12
430,20075,02,09,10,21,35,01,07
431,20074,03,09,10,12,21,04,11
432,20073,04,10,12,23,27,08,09
433,20072,11,15,18,20,27,05,06
434,20071,01,12,16,28,33,03,12
435,20070,01,22,30,31,32,04,12
436,20069,05,07,26,30,31,07,10
437,20068,15,20,23,26,33,02,08
438,20067,01,08,14,16,28,04,10
439,20066,06,14,21,34,35,03,10
440,20065,13,15,26,32,33,05,07
441,20064,05,10,23,34,35,01,11
442,20063,11,18,20,21,33,06,07
443,20062,01,05,14,23,31,02,07
444,20061,07,08,12,21,26,01,06
445,20060,12,14,25,34,35,03,12
446,20059,01,15,22,28,32,03,11
447,20058,01,15,19,26,27,05,10
448,20057,17,20,21,22,31,02,08
449,20056,03,11,25,29,34,03,06
450,20055,03,04,12,18,34,10,12
451,20054,11,14,15,19,20,03,07
452,20053,02,15,18,21,27,03,06
453,20052,09,11,26,28,35,06,07
454,20051,02,07,09,19,33,01,07
455,20050,03,14,16,22,34,02,06
456,20049,03,11,15,22,30,08,10
457,20048,03,09,10,15,16,07,09
458,20047,04,18,27,28,30,03,10
459,20046,15,24,27,30,34,04,12
460,20045,02,09,16,23,27,03,08
461,20044,01,03,22,28,30,02,05
462,20043,12,13,17,31,32,01,06
463,20042,03,04,05,11,22,05,06
464,20041,07,13,20,29,34,04,07
465,20040,02,17,20,28,29,01,07
466,20039,01,05,15,22,31,02,09
467,20038,04,15,20,22,24,01,09
468,20037,01,04,10,11,14,02,05
469,20036,01,05,11,12,26,02,07
470,20035,10,11,22,26,28,02,04
471,20034,11,13,20,27,31,02,04
472,20033,07,19,20,31,34,05,08
473,20032,02,03,09,16,32,03,04
474,20031,01,02,05,15,21,04,05
475,20030,01,08,17,27,30,05,06
476,20029,11,14,17,22,30,07,09
477,20028,04,05,28,34,35,01,08
478,20027,04,07,20,25,32,03,09
479,20026,03,15,26,32,34,08,12
480,20025,02,14,21,22,26,05,07
481,20024,03,05,06,24,30,03,07
482,20023,04,11,23,26,30,01,06
483,20022,04,14,20,28,35,02,03
484,20021,10,12,24,31,33,04,09
485,20020,08,10,12,26,32,05,09
486,20019,01,12,22,23,33,01,12
487,20018,09,14,16,24,26,04,12
488,20017,01,06,07,09,10,02,11
489,20016,04,08,19,31,35,01,02
490,20015,01,07,23,24,26,03,07
491,20014,03,07,09,17,21,03,06
492,20013,01,04,05,11,35,03,09
493,20012,01,06,18,32,34,01,03
494,20011,02,13,19,22,23,02,07
495,20010,01,08,13,24,32,02,09
496,20009,19,29,31,34,35,06,10
497,20008,14,17,19,24,32,01,06
498,20007,02,10,19,24,30,05,08
499,20006,09,22,25,31,32,08,12
500,20005,06,10,33,34,35,01,03
501,20004,17,20,21,29,30,05,09
502,20003,23,25,26,30,34,03,07
503,20002,03,07,18,25,30,02,07
504,20001,17,25,26,32,34,04,07
505,19150,07,11,12,16,33,05,07
506,19149,01,02,07,33,35,06,10
507,19148,03,04,07,11,30,08,09
508,19147,09,12,19,22,33,07,08
509,19146,10,11,26,33,34,01,06
510,19145,05,09,19,22,32,03,05
511,19144,02,05,20,28,31,02,11
512,19143,04,22,23,24,32,06,12
513,19142,03,04,26,29,33,06,07
514,19141,02,10,20,21,35,01,12
515,19140,03,07,08,25,27,03,05
516,19139,01,05,07,08,11,06,10
517,19138,04,06,07,20,29,02,04
518,19137,03,05,12,13,26,07,12
519,19136,03,16,20,26,29,03,09
520,19135,04,05,19,25,26,01,11
521,19134,05,06,07,14,17,10,11
522,19133,03,12,24,27,34,01,12
523,19132,03,05,06,13,18,10,12
524,19131,05,06,14,27,29,06,10
525,19130,01,13,20,21,26,04,10
526,19129,10,13,18,23,30,06,12
527,19128,20,21,25,34,35,03,12
528,19127,04,07,08,11,16,09,11
529,19126,05,09,16,18,30,04,07
530,19125,05,08,09,14,34,02,05
531,19124,07,17,26,27,30,06,12
532,19123,03,13,15,26,30,05,12
533,19122,05,19,25,31,33,10,11
534,19121,01,02,03,07,17,04,10
535,19120,06,15,17,22,25,01,09
536,19119,03,06,09,23,34,02,11
537,19118,02,03,13,19,26,02,03
538,19117,01,18,21,25,35,07,08
539,19116,02,10,16,21,23,02,12
540,19115,01,18,21,28,32,05,12
541,19114,03,05,07,20,23,04,11
542,19113,03,11,27,34,35,01,02
543,19112,03,10,16,21,33,05,06
544,19111,06,15,20,23,27,08,10
545,19110,01,19,23,24,30,04,05
546,19109,02,07,08,20,25,11,12
547,19108,24,27,28,31,34,04,08
548,19107,05,09,19,27,35,02,03
549,19106,05,08,10,32,35,02,10
550,19105,01,04,09,14,17,01,06
551,19104,02,07,19,22,28,03,05
552,19103,05,12,22,27,32,04,07
553,19102,05,10,15,19,31,03,06
554,19101,05,11,18,19,27,05,06
555,19100,05,08,12,19,21,06,11
556,19099,04,06,18,27,33,07,09
557,19098,13,15,17,19,22,03,04
558,19097,10,17,20,30,35,10,12
559,19096,02,12,22,23,27,02,06
560,19095,03,12,17,19,31,02,06
561,19094,01,12,14,26,27,07,09
562,19093,16,17,26,29,35,01,07
563,19092,02,11,15,27,30,02,05
564,19091,04,13,20,26,28,03,12
565,19090,13,19,28,30,33,02,12
566,19089,09,14,18,33,34,03,12
567,19088,01,05,18,27,33,06,08
568,19087,05,06,18,19,27,07,12
569,19086,05,15,16,28,31,02,07
570,19085,04,05,06,15,26,08,11
571,19084,12,23,25,34,35,01,07
572,19083,17,24,26,28,32,07,09
573,19082,06,18,20,21,31,03,04
574,19081,06,24,26,30,33,02,07
575,19080,05,13,18,19,24,02,07
576,19079,10,13,16,28,35,04,05
577,19078,05,10,21,26,30,01,07
578,19077,01,15,17,21,33,07,10
579,19076,01,06,11,23,29,01,11
580,19075,05,06,07,11,16,02,11
581,19074,08,09,13,14,34,05,07
582,19073,04,11,19,20,24,08,11
583,19072,02,04,06,09,18,07,10
584,19071,07,13,14,15,22,07,11
585,19070,02,13,15,22,34,02,12
586,19069,08,22,23,33,34,04,06
587,19068,04,05,08,17,27,06,11
588,19067,03,08,11,15,16,02,10
589,19066,04,10,11,18,31,05,08
590,19065,03,08,10,23,27,02,12
591,19064,07,08,13,19,29,11,12
592,19063,05,08,15,18,21,04,08
593,19062,05,16,23,25,28,01,12
594,19061,01,02,13,14,26,05,11
595,19060,01,11,12,18,21,08,10
596,19059,07,08,15,27,32,08,12
597,19058,03,10,13,14,32,07,11
598,19057,08,14,16,34,35,06,12
599,19056,01,07,10,12,23,06,08
600,19055,02,04,06,19,22,02,06
601,19054,02,18,23,27,30,05,10
602,19053,01,11,19,26,35,11,12
603,19052,04,10,15,20,24,07,11
604,19051,11,15,16,20,29,04,08
605,19050,04,15,16,20,35,03,12
606,19049,10,16,22,26,27,07,11
607,19048,06,10,16,29,33,05,11
608,19047,03,04,10,16,32,04,09
609,19046,02,08,14,15,35,10,12
610,19045,01,04,16,19,33,03,12
611,19044,03,06,10,12,31,01,02
612,19043,02,06,07,12,15,06,12
613,19042,04,10,13,28,33,11,12
614,19041,12,19,20,22,28,02,06
615,19040,01,03,31,32,34,01,03
616,19039,01,12,18,26,35,06,12
617,19038,05,11,16,18,27,07,12
618,19037,06,16,26,33,35,04,08
619,19036,03,09,21,28,30,01,12
620,19035,01,03,05,07,18,08,09
621,19034,08,12,15,27,30,01,02
622,19033,01,02,04,16,24,07,09
623,19032,01,04,07,11,30,07,08
624,19031,03,08,21,26,33,04,05
625,19030,07,09,13,14,33,02,04
626,19029,01,04,18,24,28,02,03
627,19028,06,22,28,29,33,02,07
628,19027,16,18,24,25,27,02,07
629,19026,10,12,15,17,19,02,03
630,19025,06,13,16,19,29,03,07
631,19024,11,17,19,29,33,08,09
632,19023,01,03,14,26,30,06,11
633,19022,01,04,14,15,21,01,05
634,19021,07,13,17,24,33,01,10
635,19020,01,08,16,27,34,03,12
636,19019,04,11,19,25,32,01,02
637,19018,03,18,19,26,34,06,12
638,19017,01,05,07,22,25,03,04
639,19016,03,05,13,16,28,02,06
640,19015,02,05,10,13,30,04,06
641,19014,12,14,20,28,31,09,11
642,19013,08,10,15,17,18,01,08
643,19012,05,09,17,18,19,07,10
644,19011,04,12,13,16,17,04,09
645,19010,03,07,24,25,27,02,12
646,19009,03,09,15,18,26,06,12
647,19008,03,08,17,20,24,06,11
648,19007,03,12,16,29,32,01,05
649,19006,14,17,19,25,30,04,08
650,19005,21,26,27,29,34,05,06
651,19004,15,16,17,31,32,03,09
652,19003,04,08,18,20,32,10,12
653,19002,02,07,14,22,31,01,07
654,19001,06,18,23,26,28,03,12
655,18154,14,22,23,26,30,03,05
656,18153,03,06,07,08,21,01,08
657,18152,02,04,05,12,28,08,11
658,18151,04,08,18,29,30,03,07
659,18150,05,12,13,31,34,10,12
660,18149,01,07,10,11,20,03,06
661,18148,02,06,24,33,34,02,03
662,18147,01,11,26,33,35,02,10
663,18146,03,08,09,13,33,01,02
664,18145,09,18,29,31,33,06,11
665,18144,06,17,18,24,31,07,11
666,18143,04,07,20,22,33,01,02
667,18142,19,24,28,29,34,10,11
668,18141,03,07,23,26,33,04,09
669,18140,01,06,08,12,15,03,04
670,18139,05,11,16,28,35,06,09
671,18138,01,23,24,28,33,04,05
672,18137,07,10,22,23,33,08,11
673,18136,03,11,12,19,21,05,11
674,18135,14,19,23,27,34,06,12
675,18134,04,05,19,31,35,02,12
676,18133,08,12,14,15,19,01,10
677,18132,03,16,22,23,27,01,04
678,18131,12,14,21,32,33,02,11
679,18130,03,04,16,18,25,01,11
680,18129,04,07,21,22,29,03,06
681,18128,11,12,14,16,26,08,09
682,18127,01,03,04,11,29,08,12
683,18126,11,13,15,21,27,05,06
684,18125,07,16,20,21,34,04,06
685,18124,08,10,12,19,20,10,11
686,18123,06,09,29,32,35,02,04
687,18122,08,09,21,30,31,05,12
688,18121,06,07,21,29,30,01,10
689,18120,21,22,25,27,30,08,09
690,18119,06,09,11,16,35,02,05
691,18118,04,05,14,21,34,06,09
692,18117,07,11,13,22,29,03,08
693,18116,01,14,17,21,33,07,10
694,18115,02,06,13,18,25,01,02
695,18114,12,18,26,28,29,05,06
696,18113,08,12,27,31,33,04,08
697,18112,03,07,08,09,29,09,10
698,18111,03,16,27,28,32,04,05
699,18110,06,19,21,27,28,03,11
700,18109,10,16,23,25,34,02,05
701,18108,09,10,24,31,32,07,12
702,18107,07,08,09,10,22,03,04
703,18106,04,14,17,24,31,01,04
704,18105,01,16,19,20,31,02,07
705,18104,01,13,14,26,28,07,11
706,18103,14,24,26,28,35,02,03
707,18102,06,07,13,22,24,10,12
708,18101,03,14,15,23,29,04,05
709,18100,06,20,21,26,30,06,09
710,18099,12,13,16,20,21,01,07
711,18098,02,15,18,25,27,05,07
712,18097,10,12,14,18,23,01,04
713,18096,13,14,20,28,34,06,10
714,18095,07,14,18,29,35,05,12
715,18094,11,16,25,30,34,08,10
716,18093,03,11,16,18,33,03,11
717,18092,05,07,14,18,19,04,10
718,18091,06,22,26,28,31,01,07
719,18090,06,20,24,33,34,04,11
720,18089,26,27,28,32,34,06,10
721,18088,08,09,21,25,33,01,08
722,18087,03,14,19,23,25,01,04
723,18086,16,22,24,29,31,04,05
724,18085,01,02,14,25,31,05,07
725,18084,06,11,17,22,35,11,12
726,18083,07,12,25,27,28,10,11
727,18082,01,02,14,17,18,08,10
728,18081,02,10,13,21,35,01,12
729,18080,07,16,24,26,31,10,11
730,18079,03,04,10,27,29,01,05
731,18078,07,11,12,22,30,03,06
732,18077,01,06,09,15,26,08,09
733,18076,07,18,28,29,32,06,08
734,18075,01,06,12,20,34,04,12
735,18074,03,09,12,28,30,04,12
736,18073,13,19,24,25,29,02,08
737,18072,05,12,17,24,26,01,02
738,18071,02,05,23,30,31,03,09
739,18070,02,05,10,16,30,04,07
740,18069,01,08,13,21,24,02,11
741,18068,08,12,16,26,33,05,06
742,18067,03,07,12,18,31,07,10
743,18066,01,20,23,32,33,01,04
744,18065,07,10,28,31,32,08,10
745,18064,01,03,04,11,29,02,04
746,18063,05,14,15,32,34,03,10
747,18062,12,14,19,23,35,02,07
748,18061,04,10,12,28,31,08,11
749,18060,04,22,27,29,31,02,10
750,18059,01,09,10,27,35,06,11
751,18058,09,11,12,26,32,04,10
752,18057,13,19,22,27,28,05,06
753,18056,02,04,16,28,34,05,07
754,18055,03,07,20,33,34,09,10
755,18054,09,10,12,20,30,01,07
756,18053,11,16,21,23,25,02,12
757,18052,05,16,18,19,25,02,07
758,18051,09,18,28,29,35,03,11
759,18050,22,24,26,34,35,06,12
760,18049,04,07,09,10,13,06,12
761,18048,02,03,11,20,25,02,07
762,18047,03,08,10,14,20,04,08
763,18046,10,20,22,29,32,05,10
764,18045,02,05,20,30,35,05,09
765,18044,02,04,06,18,21,05,08
766,18043,03,06,13,28,33,04,11
767,18042,03,19,25,29,35,05,09
768,18041,01,23,25,31,33,01,12
769,18040,05,07,18,27,31,01,08
770,18039,02,07,14,29,32,10,11
771,18038,14,23,25,31,32,01,03
772,18037,01,03,27,30,31,02,11
773,18036,11,17,18,21,27,07,08
774,18035,05,07,10,12,24,07,11
775,18034,08,11,22,27,32,03,07
776,18033,02,03,19,23,34,04,09
777,18032,07,10,17,32,35,05,12
778,18031,03,08,13,17,23,05,11
779,18030,05,18,21,28,32,09,11
780,18029,03,09,21,25,29,01,08
781,18028,04,19,25,30,35,04,07
782,18027,01,18,20,21,26,04,11
783,18026,01,02,03,04,30,03,05
784,18025,07,08,09,15,34,07,08
785,18024,02,16,24,30,32,04,07
786,18023,12,13,18,21,29,02,08
787,18022,02,10,19,33,35,05,06
788,18021,05,06,08,09,15,04,11
789,18020,01,10,13,14,21,09,12
790,18019,10,11,19,21,28,05,12
791,18018,06,08,13,24,28,06,12
792,18017,04,19,21,23,31,04,09
793,18016,01,02,12,13,23,09,12
794,18015,04,13,15,18,29,05,11
795,18014,14,16,18,24,31,01,08
796,18013,08,24,31,33,35,07,10
797,18012,03,22,24,29,34,07,11
798,18011,03,13,15,23,26,01,10
799,18010,24,25,26,28,29,04,12
800,18009,10,12,28,30,34,03,04
801,18008,09,15,17,20,22,10,11
802,18007,03,04,28,31,34,04,11
803,18006,19,20,30,32,33,03,05
804,18005,04,09,23,24,30,08,11
805,18004,04,09,22,28,30,01,10
806,18003,04,21,23,24,30,09,10
807,18002,12,20,23,27,34,01,06
808,18001,01,13,22,25,35,03,04
809,17153,01,09,24,26,34,09,12
810,17152,02,04,07,23,28,02,08
811,17151,05,06,23,28,32,04,05
812,17150,03,06,10,13,18,09,11
813,17149,10,18,19,25,26,04,12
814,17148,19,27,31,32,35,11,12
815,17147,05,16,17,25,34,01,11
816,17146,01,05,11,14,35,09,10
817,17145,04,07,17,18,19,03,10
818,17144,03,21,23,29,32,10,11
819,17143,06,09,24,29,32,02,07
820,17142,01,05,16,19,28,02,10
821,17141,02,08,21,22,29,03,05
822,17140,10,16,25,26,29,01,05
823,17139,02,06,19,25,32,09,12
824,17138,04,07,09,20,25,02,11
825,17137,01,20,22,28,29,05,07
826,17136,01,11,20,21,22,03,04
827,17135,01,12,15,19,22,02,04
828,17134,07,18,19,32,34,02,10
829,17133,15,17,19,32,33,01,03
830,17132,11,17,23,26,27,01,10
831,17131,03,05,08,19,34,01,12
832,17130,05,18,28,33,34,03,04
833,17129,05,17,20,32,33,04,09
834,17128,09,11,13,18,33,02,03
835,17127,02,15,18,21,22,03,10
836,17126,03,04,13,24,33,01,11
837,17125,07,11,18,26,28,04,05
838,17124,03,29,30,32,35,03,08
839,17123,03,15,23,26,32,01,12
840,17122,03,12,18,29,34,03,11
841,17121,01,06,12,26,31,01,07
842,17120,08,15,24,26,27,05,06
843,17119,05,07,13,29,35,03,08
844,17118,02,07,16,20,33,03,11
845,17117,05,07,09,24,32,08,10
846,17116,02,27,30,32,33,01,03
847,17115,14,19,20,25,31,06,08
848,17114,06,07,12,18,23,01,12
849,17113,05,08,17,18,23,04,12
850,17112,05,06,20,31,32,06,12
851,17111,02,14,17,26,34,08,12
852,17110,10,14,20,21,35,02,05
853,17109,06,09,19,26,34,05,07
854,17108,01,04,15,21,22,04,09
855,17107,04,10,19,25,27,06,12
856,17106,09,12,18,23,29,02,04
857,17105,04,15,22,24,32,02,09
858,17104,09,11,22,27,30,09,11
859,17103,04,19,20,24,29,03,04
860,17102,01,12,23,24,29,08,12
861,17101,05,15,21,25,29,05,08
862,17100,02,05,18,19,31,01,09
863,17099,08,09,17,18,24,03,07
864,17098,06,09,17,30,35,10,11
865,17097,07,14,19,22,34,07,12
866,17096,03,07,09,17,28,04,12
867,17095,15,32,33,34,35,03,12
868,17094,03,05,08,29,33,04,08
869,17093,05,06,17,21,29,02,04
870,17092,03,07,09,17,34,04,05
871,17091,01,05,07,16,19,03,12
872,17090,03,06,15,22,35,09,11
873,17089,03,05,06,15,18,03,10
874,17088,05,28,31,34,35,08,09
875,17087,03,14,21,29,35,02,06
876,17086,12,15,18,22,31,01,08
877,17085,09,13,14,25,30,02,05
878,17084,06,11,14,21,31,09,12
879,17083,02,05,14,22,34,03,09
880,17082,05,13,20,21,25,08,09
881,17081,02,12,15,20,34,01,06
882,17080,08,10,21,30,31,02,05
883,17079,01,17,19,32,33,02,11
884,17078,04,05,27,31,34,03,06
885,17077,01,03,04,25,31,06,09
886,17076,02,07,25,30,35,07,12
887,17075,05,11,16,18,35,01,06
888,17074,08,10,11,13,17,08,11
889,17073,07,18,28,31,33,01,02
890,17072,01,03,29,32,34,02,05
891,17071,01,04,11,14,33,05,07
892,17070,06,16,18,26,30,02,03
893,17069,10,16,20,23,32,08,11
894,17068,07,08,19,24,27,06,07
895,17067,10,17,18,32,35,10,11
896,17066,11,15,23,26,30,02,11
897,17065,05,11,12,19,28,05,12
898,17064,01,08,20,27,30,03,04
899,17063,18,21,22,24,29,05,11
900,17062,01,04,06,08,28,08,12
901,17061,10,19,23,25,30,02,04
902,17060,09,15,20,26,31,05,12
903,17059,08,11,13,15,17,03,10
904,17058,14,18,20,21,28,03,06
905,17057,12,16,19,23,24,02,05
906,17056,01,04,24,27,32,03,10
907,17055,19,20,22,30,33,03,09
908,17054,16,29,30,32,33,04,05
909,17053,06,19,20,22,26,01,11
910,17052,03,19,24,28,33,04,12
911,17051,14,17,18,22,29,10,11
912,17050,12,14,17,20,28,02,06
913,17049,09,12,14,22,31,05,08
914,17048,07,09,13,15,19,03,10
915,17047,15,19,32,33,34,09,12
916,17046,04,17,20,23,30,02,03
917,17045,01,08,11,21,35,09,12
918,17044,11,16,17,18,25,02,09
919,17043,06,13,22,25,35,09,12
920,17042,02,17,31,33,34,01,07
921,17041,02,04,06,25,31,05,09
922,17040,04,06,10,23,29,09,11
923,17039,05,06,14,17,26,03,08
924,17038,04,05,13,18,27,03,09
925,17037,13,15,16,32,34,06,11
926,17036,01,04,09,18,33,02,05
927,17035,14,17,22,30,33,07,12
928,17034,06,12,21,26,29,02,11
929,17033,15,22,23,25,34,05,11
930,17032,02,13,14,18,29,03,09
931,17031,02,16,17,30,32,02,09
932,17030,21,22,24,29,34,05,06
933,17029,01,06,14,17,29,01,11
934,17028,06,18,22,23,33,09,11
935,17027,08,17,25,33,34,03,11
936,17026,10,14,19,25,32,02,07
937,17025,10,16,19,20,34,04,05
938,17024,21,23,29,32,35,11,12
939,17023,05,08,12,24,34,07,10
940,17022,02,03,09,17,24,06,12
941,17021,01,15,17,20,26,06,08
942,17020,16,21,24,27,28,04,07
943,17019,02,06,14,23,25,02,10
944,17018,06,07,10,17,23,01,09
945,17017,04,19,24,26,29,04,06
946,17016,03,13,28,30,33,09,10
947,17015,01,07,19,27,34,01,02
948,17014,04,08,15,24,25,02,05
949,17013,05,12,17,30,34,11,12
950,17012,04,05,24,26,35,07,12
951,17011,05,15,21,29,34,06,09
952,17010,04,10,13,18,35,01,02
953,17009,05,06,08,12,22,03,04
954,17008,03,04,09,25,32,02,04
955,17007,08,11,17,25,27,02,04
956,17006,04,06,23,32,33,05,06
957,17005,05,09,20,26,35,02,11
958,17004,05,08,11,28,31,06,07
959,17003,03,05,06,13,22,09,12
960,17002,07,12,14,31,34,09,11
961,17001,07,09,20,31,33,08,10
962,16154,06,16,17,21,29,04,06
963,16153,13,18,25,29,35,03,11
964,16152,08,17,22,24,30,05,11
965,16151,04,07,11,14,21,05,12
966,16150,01,10,18,24,29,07,10
967,16149,01,02,03,12,33,04,09
968,16148,05,14,15,23,25,06,08
969,16147,07,19,20,28,30,04,12
970,16146,21,22,25,29,34,01,11
971,16145,01,09,11,17,28,03,08
972,16144,04,05,13,22,31,05,10
973,16143,04,06,22,27,31,06,07
974,16142,01,06,17,23,26,06,12
975,16141,02,06,07,19,28,11,12
976,16140,12,16,23,29,34,04,11
977,16139,13,21,30,31,35,01,08
978,16138,12,13,16,29,35,05,11
979,16137,07,20,23,29,34,02,10
980,16136,05,06,07,19,23,04,11
981,16135,01,10,12,18,35,01,12
982,16134,01,03,31,32,34,02,07
983,16133,01,04,05,23,28,05,09
984,16132,04,18,19,22,35,01,02
985,16131,06,13,25,28,30,02,07
986,16130,11,23,32,33,34,01,12
987,16129,07,08,19,30,35,08,09
988,16128,17,20,22,30,33,07,08
989,16127,01,05,15,24,26,09,10
990,16126,11,13,16,19,24,06,08
991,16125,06,07,08,28,30,01,02
992,16124,04,13,24,26,29,08,11
993,16123,04,05,13,20,32,01,10
994,16122,01,03,12,14,29,02,06
995,16121,04,05,08,15,20,01,06
996,16120,03,10,20,32,34,04,07
997,16119,02,03,09,21,22,05,10
998,16118,12,15,18,24,29,03,11
999,16117,03,09,14,16,23,02,09
1000,16116,04,06,08,19,34,10,12
1001,16115,01,04,15,31,34,02,11
1002,16114,16,17,20,32,33,03,07
1003,16113,10,11,17,30,34,03,12
1004,16112,07,22,23,31,32,04,05
1005,16111,04,09,22,26,27,02,12
1006,16110,07,20,21,23,30,07,10
1007,16109,03,25,28,31,34,11,12
1008,16108,10,17,22,23,25,07,09
1009,16107,02,06,19,24,26,04,06
1010,16106,03,21,30,33,35,01,04
1011,16105,08,11,31,34,35,01,02
1012,16104,01,20,22,23,30,06,07
1013,16103,05,14,20,23,29,03,11
1014,16102,03,05,06,34,35,03,12
1015,16101,04,06,28,33,35,07,12
1016,16100,08,12,19,26,30,02,12
1017,16099,03,04,12,14,27,01,05
1018,16098,08,09,11,20,29,04,05
1019,16097,06,08,18,31,33,10,12
1020,16096,01,06,08,12,21,05,10
1021,16095,08,12,18,19,21,03,06
1022,16094,01,14,16,17,18,05,07
1023,16093,01,08,14,30,35,06,07
1024,16092,02,13,31,33,34,07,11
1025,16091,08,13,17,21,22,02,08
1026,16090,04,06,08,28,32,07,12
1027,16089,07,14,17,28,34,07,10
1028,16088,04,06,17,21,30,06,11
1029,16087,03,16,17,23,25,07,09
1030,16086,03,05,22,25,30,07,09
1031,16085,14,15,27,31,32,01,07
1032,16084,08,12,15,26,35,01,08
1033,16083,01,05,09,33,35,01,05
1034,16082,03,08,23,28,29,02,07
1035,16081,06,07,18,21,33,03,08
1036,16080,15,20,29,30,33,07,12
1037,16079,07,14,15,20,27,05,10
1038,16078,07,18,29,31,35,05,11
1039,16077,09,11,14,16,35,02,05
1040,16076,03,08,10,17,31,05,06
1041,16075,03,07,17,22,31,08,12
1042,16074,01,05,07,11,14,03,08
1043,16073,07,14,17,24,27,08,10
1044,16072,16,20,24,26,31,04,09
1045,16071,08,15,19,20,33,07,12
1046,16070,02,09,13,19,23,05,07
1047,16069,14,17,19,23,30,02,09
1048,16068,05,07,22,26,34,07,12
1049,16067,02,08,11,13,19,02,08
1050,16066,10,28,29,31,33,05,11
1051,16065,01,09,18,22,24,11,12
1052,16064,01,02,10,18,35,05,11
1053,16063,08,12,22,27,35,05,09
1054,16062,02,10,14,15,35,01,09
1055,16061,09,15,17,21,23,07,12
1056,16060,02,06,22,27,34,08,11
1057,16059,02,10,27,28,33,05,07
1058,16058,02,15,17,23,28,05,09
1059,16057,08,17,19,23,30,03,08
1060,16056,10,12,14,31,35,04,05
1061,16055,06,21,27,30,34,04,09
1062,16054,02,05,09,21,30,06,07
1063,16053,04,13,15,30,35,03,05
1064,16052,08,14,19,20,33,10,11
1065,16051,16,21,23,24,32,07,08
1066,16050,07,17,21,29,35,04,05
1067,16049,03,04,05,27,33,04,09
1068,16048,04,12,17,25,27,04,10
1069,16047,02,03,23,29,32,05,09
1070,16046,03,19,22,32,34,08,12
1071,16045,07,11,25,30,33,02,08
1072,16044,01,06,10,20,31,05,11
1073,16043,01,09,16,33,34,09,12
1074,16042,02,06,08,19,24,01,06
1075,16041,12,23,24,27,34,03,06
1076,16040,20,22,29,30,35,01,06
1077,16039,01,08,16,22,28,04,05
1078,16038,03,07,09,15,33,05,12
1079,16037,03,05,13,24,34,03,05
1080,16036,07,15,26,30,31,03,06
1081,16035,17,22,24,25,29,09,12
1082,16034,14,18,31,32,35,09,10
1083,16033,03,14,15,31,35,09,10
1084,16032,05,09,14,20,33,05,12
1085,16031,03,14,24,27,29,04,11
1086,16030,10,19,21,29,33,04,06
1087,16029,20,26,27,29,32,05,12
1088,16028,13,18,20,23,31,03,06
1089,16027,06,11,13,15,28,02,06
1090,16026,02,06,29,30,34,01,07
1091,16025,03,06,13,23,24,07,10
1092,16024,01,02,11,15,18,04,08
1093,16023,04,09,14,25,27,06,11
1094,16022,04,18,21,30,35,02,11
1095,16021,01,04,09,10,35,09,11
1096,16020,01,16,22,29,30,02,09
1097,16019,04,11,15,20,26,08,09
1098,16018,05,10,13,27,33,08,11
1099,16017,11,18,24,28,29,05,10
1100,16016,03,10,22,29,32,02,05
1101,16015,01,04,10,13,30,03,09
1102,16014,06,08,21,24,27,02,10
1103,16013,03,21,23,31,35,02,11
1104,16012,05,07,11,23,28,03,12
1105,16011,02,08,10,15,23,05,10
1106,16010,12,13,15,16,28,02,05
1107,16009,05,08,10,17,20,02,12
1108,16008,05,12,31,34,35,04,05
1109,16007,02,05,14,32,35,01,03
1110,16006,14,16,17,22,24,02,09
1111,16005,06,09,12,15,20,08,11
1112,16004,10,20,23,32,35,09,10
1113,16003,04,12,17,22,26,06,07
1114,16002,07,12,18,25,35,07,09
1115,16001,01,07,19,20,30,05,10
1116,15153,01,07,22,27,33,02,11
1117,15152,04,05,22,29,35,02,11
1118,15151,15,16,18,30,35,01,07
1119,15150,04,13,18,25,33,03,07
1120,15149,04,06,10,12,28,02,08
1121,15148,08,11,27,31,33,08,09
1122,15147,01,02,13,18,19,08,10
1123,15146,04,15,19,27,31,04,11
1124,15145,06,07,20,29,32,11,12
1125,15144,01,09,24,26,29,06,11
1126,15143,09,20,31,33,35,10,11
1127,15142,12,14,22,26,30,03,06
1128,15141,02,04,15,19,31,02,03
1129,15140,01,11,15,26,35,06,11
1130,15139,02,03,05,25,32,05,07
1131,15138,01,16,20,29,32,04,07
1132,15137,14,17,21,23,26,08,11
1133,15136,05,20,23,29,32,02,10
1134,15135,05,16,20,25,29,06,08
1135,15134,01,02,06,15,35,04,07
1136,15133,03,07,08,25,30,04,08
1137,15132,03,08,14,18,27,01,05
1138,15131,11,17,19,20,27,02,03
1139,15130,17,25,31,32,34,02,12
1140,15129,01,06,23,25,29,03,09
1141,15128,10,12,23,30,32,03,04
1142,15127,09,11,14,19,30,03,08
1143,15126,04,05,08,09,21,03,06
1144,15125,02,03,15,17,28,08,10
1145,15124,04,06,12,31,32,03,06
1146,15123,04,15,27,29,30,02,10
1147,15122,11,13,15,26,35,06,11
1148,15121,02,04,17,27,28,04,06
1149,15120,01,09,15,24,32,05,10
1150,15119,01,08,12,16,21,06,11
1151,15118,03,07,20,24,31,04,09
1152,15117,06,17,20,30,33,10,11
1153,15116,07,10,19,24,33,03,07
1154,15115,08,12,13,14,16,03,09
1155,15114,09,18,24,31,34,02,10
1156,15113,01,14,21,29,33,02,10
1157,15112,04,05,15,19,28,04,11
1158,15111,07,08,16,24,28,03,10
1159,15110,02,07,10,22,30,07,11
1160,15109,01,06,11,22,31,03,12
1161,15108,01,13,16,26,31,07,12
1162,15107,03,23,25,28,29,06,07
1163,15106,02,11,13,22,30,02,03
1164,15105,08,09,15,21,27,05,09
1165,15104,16,19,25,30,34,04,09
1166,15103,07,09,15,25,34,04,10
1167,15102,11,14,15,33,34,03,12
1168,15101,06,12,17,18,32,07,12
1169,15100,09,15,18,23,32,05,07
1170,15099,09,12,14,22,25,05,10
1171,15098,09,14,21,27,33,06,09
1172,15097,04,16,17,26,27,01,04
1173,15096,03,09,12,18,21,02,06
1174,15095,08,14,26,34,35,05,10
1175,15094,02,03,10,11,29,03,07
1176,15093,16,17,25,26,27,02,04
1177,15092,02,14,21,27,34,05,08
1178,15091,02,07,28,29,30,03,07
1179,15090,06,09,11,17,21,06,08
1180,15089,05,12,18,20,27,10,12
1181,15088,05,15,28,31,34,11,12
1182,15087,02,05,15,17,22,01,11
1183,15086,05,09,11,15,32,04,09
1184,15085,02,03,04,06,16,03,12
1185,15084,10,20,21,32,34,06,07
1186,15083,14,16,19,25,29,10,12
1187,15082,08,15,28,31,33,03,06
1188,15081,03,04,10,13,17,05,09
1189,15080,14,20,29,30,32,03,08
1190,15079,01,09,17,23,24,04,05
1191,15078,19,24,26,28,33,01,02
1192,15077,01,16,17,22,28,02,09
1193,15076,03,19,21,31,34,05,12
1194,15075,13,14,26,27,33,10,12
1195,15074,01,12,21,27,33,04,09
1196,15073,09,26,27,30,34,01,06
1197,15072,19,20,21,31,33,09,10
1198,15071,04,06,13,16,34,04,10
1199,15070,03,09,12,17,18,04,12
1200,15069,02,09,11,22,25,01,07
1201,15068,02,03,20,31,35,04,08
1202,15067,04,10,18,24,27,04,11
1203,15066,01,03,07,13,29,02,10
1204,15065,04,05,07,13,35,08,11
1205,15064,02,08,20,28,31,07,10
1206,15063,01,04,06,34,35,02,04
1207,15062,06,07,13,14,15,01,04
1208,15061,06,07,08,16,22,02,10
1209,15060,16,24,25,26,33,04,11
1210,15059,07,09,19,23,32,01,03
1211,15058,10,14,20,27,30,07,12
1212,15057,01,05,07,14,26,04,06
1213,15056,06,12,19,26,35,03,10
1214,15055,06,11,14,20,30,05,10
1215,15054,02,09,15,24,34,03,09
1216,15053,08,25,28,29,32,04,07
1217,15052,13,19,24,27,29,07,08
1218,15051,01,02,11,16,21,01,05
1219,15050,06,07,10,20,28,02,07
1220,15049,08,09,11,15,22,08,10
1221,15048,10,11,22,24,33,02,09
1222,15047,01,02,17,23,31,05,12
1223,15046,05,07,10,22,26,04,10
1224,15045,08,09,22,29,30,08,12
1225,15044,16,18,27,31,33,01,03
1226,15043,02,20,22,25,29,02,07
1227,15042,03,07,12,17,24,02,11
1228,15041,01,11,21,23,28,01,10
1229,15040,02,09,10,23,35,09,12
1230,15039,03,06,07,16,25,01,06
1231,15038,12,19,22,31,35,07,08
1232,15037,10,16,21,28,31,07,08
1233,15036,14,18,20,23,24,04,08
1234,15035,22,24,29,30,35,01,10
1235,15034,04,08,15,18,26,05,09
1236,15033,03,17,22,26,28,03,07
1237,15032,06,21,25,27,30,07,11
1238,15031,07,21,29,32,33,04,12
1239,15030,09,18,19,26,31,02,05
1240,15029,07,10,19,30,35,03,05
1241,15028,03,09,28,32,33,09,10
1242,15027,05,21,22,25,28,03,10
1243,15026,11,13,14,15,22,02,08
1244,15025,07,10,20,22,27,10,11
1245,15024,02,06,08,16,34,03,04
1246,15023,06,09,11,12,22,03,11
1247,15022,09,11,14,15,26,11,12
1248,15021,22,23,24,26,31,05,06
1249,15020,11,26,28,29,32,01,04
1250,15019,02,08,16,22,24,01,03
1251,15018,04,07,10,23,31,03,07
1252,15017,07,13,16,17,29,01,07
1253,15016,06,07,16,20,34,09,11
1254,15015,01,05,13,17,32,04,11
1255,15014,08,16,25,29,35,03,10
1256,15013,11,15,25,28,35,07,10
1257,15012,03,04,06,11,31,05,09
1258,15011,04,13,22,25,30,01,06
1259,15010,02,06,17,30,35,02,07
1260,15009,17,22,26,27,33,06,10
1261,15008,07,10,11,15,17,03,10
1262,15007,02,07,08,14,31,04,08
1263,15006,06,08,30,32,33,03,07
1264,15005,11,14,15,18,19,07,08
1265,15004,03,12,14,18,28,05,06
1266,15003,12,19,27,28,34,01,12
1267,15002,03,14,20,26,32,06,10
1268,15001,08,09,19,27,30,06,07
1269,14154,05,12,17,23,28,02,09
1270,14153,01,08,13,24,32,05,10
1271,14152,05,12,18,24,33,01,05
1272,14151,03,08,26,31,32,08,12
1273,14150,19,21,30,33,35,05,07
1274,14149,02,13,19,26,35,01,05
1275,14148,03,09,10,11,20,07,09
1276,14147,05,09,14,26,34,02,09
1277,14146,02,16,23,24,28,10,11
1278,14145,15,19,22,24,26,10,11
1279,14144,01,21,24,25,35,04,11
1280,14143,01,11,14,18,25,06,10
1281,14142,18,21,25,28,30,04,06
1282,14141,04,17,20,26,29,05,08
1283,14140,01,19,20,25,34,07,12
1284,14139,03,05,07,15,34,01,10
1285,14138,01,07,29,32,34,09,12
1286,14137,02,11,16,22,34,02,05
1287,14136,04,18,20,34,35,07,11
1288,14135,20,26,28,30,35,09,12
1289,14134,02,05,07,11,32,09,12
1290,14133,02,08,12,14,18,04,12
1291,14132,01,03,04,19,32,01,07
1292,14131,03,16,19,23,27,03,07
1293,14130,02,18,31,32,33,05,07
1294,14129,07,22,28,30,32,05,06
1295,14128,02,04,16,22,34,08,11
1296,14127,02,04,06,15,19,02,11
1297,14126,02,09,22,30,34,09,10
1298,14125,12,15,19,23,31,04,10
1299,14124,01,03,28,29,35,08,12
1300,14123,01,09,12,22,25,02,09
1301,14122,03,10,25,26,35,01,07
1302,14121,13,16,18,22,32,08,10
1303,14120,01,04,06,18,33,05,11
1304,14119,04,08,09,13,18,08,12
1305,14118,02,03,23,24,26,05,11
1306,14117,03,14,17,18,33,06,09
1307,14116,06,13,15,24,27,04,05
1308,14115,01,05,26,29,30,02,10
1309,14114,03,16,24,30,33,05,08
1310,14113,02,13,17,19,23,01,06
1311,14112,03,05,14,18,32,02,10
1312,14111,11,16,18,20,29,03,04
1313,14110,09,18,19,22,24,08,11
1314,14109,15,18,20,21,23,01,02
1315,14108,01,02,13,23,35,09,12
1316,14107,05,13,14,21,34,08,10
1317,14106,05,09,11,20,22,05,11
1318,14105,04,10,26,29,32,04,08
1319,14104,07,13,14,28,32,04,11
1320,14103,14,20,23,25,26,10,12
1321,14102,01,07,14,19,20,03,12
1322,14101,09,10,12,17,28,03,11
1323,14100,02,04,08,12,35,01,07
1324,14099,15,21,22,23,33,01,07
1325,14098,16,18,22,25,35,03,10
1326,14097,03,15,20,21,23,07,09
1327,14096,03,07,21,23,31,05,10
1328,14095,06,22,30,31,34,05,06
1329,14094,13,14,24,25,34,04,07
1330,14093,03,08,30,32,34,09,11
1331,14092,02,18,27,30,32,05,11
1332,14091,10,16,18,29,32,02,07
1333,14090,02,03,20,23,28,06,08
1334,14089,02,08,12,29,30,07,12
1335,14088,07,13,20,25,26,08,11
1336,14087,04,07,31,33,35,09,10
1337,14086,06,08,27,29,35,03,09
1338,14085,06,12,13,25,29,11,12
1339,14084,02,07,09,11,28,05,09
1340,14083,18,20,24,33,35,05,10
1341,14082,01,08,18,23,25,08,12
1342,14081,03,05,08,10,25,09,12
1343,14080,17,20,23,25,27,03,10
1344,14079,09,10,20,31,32,06,10
1345,14078,10,15,16,22,28,04,05
1346,14077,09,16,26,31,32,01,05
1347,14076,05,10,19,31,32,09,10
1348,14075,05,07,29,32,35,04,10
1349,14074,06,11,22,27,30,05,11
1350,14073,04,05,07,13,35,05,06
1351,14072,17,19,22,24,30,02,09
1352,14071,04,14,15,22,23,01,07
1353,14070,01,02,07,10,32,04,12
1354,14069,16,22,27,29,31,02,09
1355,14068,05,15,24,29,35,05,06
1356,14067,03,18,23,24,31,03,07
1357,14066,08,14,16,20,31,03,11
1358,14065,07,12,19,31,33,07,12
1359,14064,08,15,33,34,35,01,08
1360,14063,11,17,21,23,34,03,04
1361,14062,04,07,17,24,25,02,04
1362,14061,04,11,17,20,29,06,10
1363,14060,12,22,29,30,34,05,11
1364,14059,07,15,17,25,29,04,11
1365,14058,09,15,22,24,26,02,07
1366,14057,08,10,20,27,33,01,09
1367,14056,12,18,28,29,35,07,08
1368,14055,04,23,26,27,35,10,11
1369,14054,02,03,20,25,34,01,12
1370,14053,02,11,17,27,30,03,04
1371,14052,14,19,21,24,30,02,07
1372,14051,01,07,11,29,30,03,11
1373,14050,10,18,27,28,35,01,06
1374,14049,03,15,17,22,31,03,05
1375,14048,01,02,05,15,35,01,11
1376,14047,06,17,18,30,34,06,12
1377,14046,03,15,18,21,26,01,06
1378,14045,06,10,12,16,30,02,11
1379,14044,22,23,25,27,35,03,11
1380,14043,01,11,23,29,30,01,12
1381,14042,16,21,25,27,35,06,11
1382,14041,05,07,11,15,18,05,12
1383,14040,12,15,21,30,33,02,08
1384,14039,02,05,11,15,20,08,11
1385,14038,07,08,12,20,32,03,05
1386,14037,03,04,08,19,34,02,04
1387,14036,01,02,12,17,29,03,08
1388,14035,09,12,14,28,29,03,10
1389,14034,03,11,14,27,32,05,07
1390,14033,01,07,08,28,29,04,08
1391,14032,02,05,06,09,31,02,09
1392,14031,06,15,27,32,33,03,04
1393,14030,03,14,18,29,35,11,12
1394,14029,03,21,22,23,35,05,09
1395,14028,03,10,20,25,30,10,12
1396,14027,09,10,24,28,29,10,12
1397,14026,05,10,12,15,26,04,08
1398,14025,19,20,27,32,34,06,08
1399,14024,07,11,15,31,32,06,11
1400,14023,04,13,15,29,33,05,09
1401,14022,03,06,10,16,25,10,11
1402,14021,06,10,17,23,24,03,09
1403,14020,01,14,17,30,35,06,07
1404,14019,07,12,22,29,32,11,12
1405,14018,08,09,12,28,34,02,12
1406,14017,05,10,11,23,34,01,10
1407,14016,04,06,13,24,34,04,09
1408,14015,04,06,18,20,30,05,07
1409,14014,01,09,11,27,29,03,11
1410,14013,10,11,13,22,28,04,12
1411,14012,09,20,21,23,29,05,07
1412,14011,04,06,14,24,35,07,12
1413,14010,05,10,20,26,27,01,03
1414,14009,10,18,25,29,33,07,08
1415,14008,11,13,20,28,35,01,05
1416,14007,08,11,14,21,32,03,11
1417,14006,01,04,07,16,35,06,08
1418,14005,15,17,18,29,33,04,08
1419,14004,07,10,19,27,28,09,12
1420,14003,07,11,13,21,33,05,06
1421,14002,01,12,21,24,29,01,07
1422,14001,05,13,20,23,29,08,11
1423,13153,04,05,16,17,30,03,09
1424,13152,09,12,14,18,19,03,09
1425,13151,02,13,21,27,30,03,04
1426,13150,06,07,14,18,22,08,11
1427,13149,06,07,08,09,13,05,07
1428,13148,02,05,09,29,32,03,07
1429,13147,03,09,22,24,25,05,09
1430,13146,06,07,15,25,31,01,09
1431,13145,02,13,15,18,20,02,11
1432,13144,03,20,21,23,35,02,08
1433,13143,03,08,14,21,31,06,08
1434,13142,06,11,25,28,29,04,12
1435,13141,05,15,18,25,31,08,10
1436,13140,01,12,17,26,28,01,06
1437,13139,05,06,18,20,31,06,07
1438,13138,03,08,13,17,24,07,09
1439,13137,04,12,32,33,34,06,08
1440,13136,05,11,15,25,28,05,11
1441,13135,04,13,19,25,26,07,12
1442,13134,02,13,19,23,32,02,09
1443,13133,02,08,10,16,17,09,12
1444,13132,23,26,28,31,34,02,10
1445,13131,12,15,29,30,31,04,12
1446,13130,08,09,15,19,30,06,09
1447,13129,11,23,29,30,33,01,04
1448,13128,11,13,27,33,35,01,02
1449,13127,03,14,16,19,32,05,10
1450,13126,09,10,15,18,30,03,06
1451,13125,04,08,14,23,28,04,08
1452,13124,05,07,18,21,32,10,11
1453,13123,02,09,10,33,34,05,12
1454,13122,15,17,20,24,35,04,12
1455,13121,03,18,19,20,24,03,12
1456,13120,06,14,15,22,26,03,11
1457,13119,01,02,16,23,35,01,11
1458,13118,04,06,11,20,31,01,05
1459,13117,05,16,23,25,33,07,12
1460,13116,13,22,23,30,33,09,11
1461,13115,05,16,29,32,34,04,11
1462,13114,06,17,21,23,33,01,09
1463,13113,19,21,23,28,30,08,12
1464,13112,02,10,20,22,29,05,12
1465,13111,07,12,13,20,27,01,03
1466,13110,07,16,18,32,33,02,07
1467,13109,13,20,26,29,32,02,06
1468,13108,05,10,13,15,18,02,11
1469,13107,07,13,14,18,25,05,12
1470,13106,06,07,12,13,27,03,12
1471,13105,07,13,27,30,34,01,12
1472,13104,02,05,11,27,29,01,11
1473,13103,05,08,13,16,31,03,09
1474,13102,06,12,15,19,26,02,11
1475,13101,04,09,13,15,32,02,09
1476,13100,09,12,24,26,30,05,09
1477,13099,04,11,28,30,33,05,12
1478,13098,02,06,16,29,34,10,11
1479,13097,07,08,13,17,32,03,08
1480,13096,17,19,20,22,26,06,08
1481,13095,03,17,28,30,33,01,10
1482,13094,03,28,33,34,35,06,09
1483,13093,01,05,17,18,26,05,07
1484,13092,07,10,21,27,33,03,09
1485,13091,04,09,28,34,35,02,08
1486,13090,02,26,30,31,33,11,12
1487,13089,06,07,23,24,29,04,11
1488,13088,03,05,08,33,35,01,03
1489,13087,09,12,22,32,34,02,04
1490,13086,09,16,26,29,31,06,09
1491,13085,08,19,23,27,32,03,05
1492,13084,08,22,26,29,35,01,05
1493,13083,26,29,30,32,35,04,10
1494,13082,03,09,25,26,33,03,12
1495,13081,07,09,15,17,23,02,07
1496,13080,06,21,23,27,31,04,06
1497,13079,09,10,17,21,34,01,07
1498,13078,02,07,23,31,33,02,08
1499,13077,24,26,30,32,35,06,12
1500,13076,13,15,16,26,27,09,10
1501,13075,01,11,13,19,35,07,08
1502,13074,06,14,20,24,32,01,07
1503,13073,03,05,23,27,31,02,06
1504,13072,12,27,28,33,35,03,05
1505,13071,13,19,26,27,28,03,11
1506,13070,09,12,18,21,29,01,08
1507,13069,06,12,13,16,30,07,12
1508,13068,10,17,27,34,35,05,07
1509,13067,02,03,05,08,29,10,12
1510,13066,06,07,13,33,34,02,11
1511,13065,09,28,31,34,35,02,09
1512,13064,21,24,26,28,32,01,03
1513,13063,03,05,11,27,28,05,06
1514,13062,01,05,08,09,12,09,12
1515,13061,01,14,18,21,32,05,10
1516,13060,15,25,26,32,35,05,10
1517,13059,03,08,11,24,27,07,12
1518,13058,20,21,27,31,35,07,11
1519,13057,07,15,27,33,35,07,10
1520,13056,11,22,30,32,35,03,04
1521,13055,04,05,22,23,24,03,09
1522,13054,05,08,21,30,32,01,08
1523,13053,13,31,33,34,35,05,07
1524,13052,01,02,10,29,31,01,10
1525,13051,05,08,15,18,33,07,08
1526,13050,14,22,30,32,33,07,08
1527,13049,18,22,25,31,32,04,06
1528,13048,10,11,23,32,33,01,04
1529,13047,12,20,28,30,35,03,11
1530,13046,15,16,19,25,32,05,11
1531,13045,08,11,12,21,25,02,07
1532,13044,07,11,13,18,28,05,10
1533,13043,07,13,25,34,35,07,09
1534,13042,02,06,22,23,33,01,06
1535,13041,03,13,14,15,34,05,08
1536,13040,16,17,22,26,35,03,10
1537,13039,06,23,30,33,35,07,10
1538,13038,01,19,24,25,26,07,09
1539,13037,02,26,31,32,34,06,08
1540,13036,08,12,32,33,35,03,05
1541,13035,05,14,28,32,34,07,08
1542,13034,01,03,11,19,29,04,08
1543,13033,12,18,22,28,31,01,11
1544,13032,12,27,28,33,35,01,08
1545,13031,12,17,18,26,32,10,11
1546,13030,03,05,09,10,28,05,07
1547,13029,05,07,17,25,26,04,10
1548,13028,13,19,28,30,34,08,12
1549,13027,03,12,14,24,35,03,08
1550,13026,02,10,16,30,33,05,06
1551,13025,03,23,25,26,28,10,12
1552,13024,09,12,14,18,24,01,04
1553,13023,05,19,24,26,35,05,07
1554,13022,03,04,13,17,23,03,08
1555,13021,23,24,28,30,33,01,11
1556,13020,06,11,20,31,32,05,09
1557,13019,06,12,17,29,30,07,11
1558,13018,20,23,31,33,34,03,09
1559,13017,11,14,22,29,34,05,11
1560,13016,05,15,19,27,32,08,09
1561,13015,14,15,26,32,33,01,11
1562,13014,05,08,25,29,31,02,04
1563,13013,13,15,29,30,35,01,11
1564,13012,01,14,31,32,34,02,11
1565,13011,01,02,08,15,23,06,09
1566,13010,09,15,17,18,29,09,11
1567,13009,10,17,19,27,29,05,12
1568,13008,02,07,25,29,34,03,06
1569,13007,14,29,32,33,34,03,06
1570,13006,08,20,25,31,32,05,07
1571,13005,18,22,26,28,31,10,12
1572,13004,07,08,12,20,25,03,07
1573,13003,01,16,18,21,31,09,12
1574,13002,04,20,27,31,32,06,12
1575,13001,06,09,11,31,32,05,11
1576,12154,03,26,27,31,32,03,09
1577,12153,08,09,10,13,22,05,10
1578,12152,04,17,26,33,34,02,08
1579,12151,03,19,20,24,33,03,04
1580,12150,02,14,18,24,31,02,03
1581,12149,02,10,23,33,34,05,10
1582,12148,04,16,27,29,34,06,11
1583,12147,02,03,17,19,33,02,09
1584,12146,01,10,13,17,26,06,08
1585,12145,05,22,31,33,35,06,09
1586,12144,11,13,14,21,29,01,10
1587,12143,09,27,29,30,31,03,06
1588,12142,15,19,29,34,35,07,10
1589,12141,03,11,19,23,34,02,12
1590,12140,07,17,27,28,29,09,10
1591,12139,09,10,12,22,25,04,11
1592,12138,13,17,27,31,33,06,12
1593,12137,03,12,20,21,27,01,06
1594,12136,02,23,29,30,31,01,04
1595,12135,03,05,17,18,33,06,07
1596,12134,01,06,18,32,35,02,07
1597,12133,05,07,13,29,30,01,05
1598,12132,05,08,21,25,33,01,11
1599,12131,02,16,18,27,30,08,12
1600,12130,14,19,23,29,30,06,07
1601,12129,01,07,21,28,31,03,09
1602,12128,09,10,19,30,31,04,11
1603,12127,12,13,14,25,35,10,12
1604,12126,13,14,21,28,29,05,10
1605,12125,06,14,17,22,35,01,02
1606,12124,07,11,19,20,35,05,10
1607,12123,05,08,18,30,33,01,09
1608,12122,23,24,25,29,31,03,12
1609,12121,07,18,20,29,30,05,06
1610,12120,02,10,21,23,29,03,04
1611,12119,05,06,09,19,32,06,09
1612,12118,05,17,25,30,33,01,12
1613,12117,01,12,18,21,33,07,08
1614,12116,01,11,18,20,22,07,10
1615,12115,01,06,13,19,23,06,09
1616,12114,03,06,21,33,35,01,07
1617,12113,03,10,22,27,29,03,12
1618,12112,01,02,28,31,35,05,07
1619,12111,01,24,25,30,33,04,11
1620,12110,01,11,17,19,26,05,12
1621,12109,01,22,30,32,35,09,11
1622,12108,06,07,12,24,35,02,06
1623,12107,04,07,09,22,33,01,03
1624,12106,15,23,25,29,31,09,10
1625,12105,05,06,14,15,31,06,08
1626,12104,16,18,24,25,27,04,09
1627,12103,02,09,18,23,24,01,04
1628,12102,02,04,06,13,35,04,08
1629,12101,02,05,08,09,31,03,07
1630,12100,07,09,13,19,27,01,03
1631,12099,12,18,24,25,32,02,12
1632,12098,02,11,28,29,30,06,12
1633,12097,09,17,24,29,32,01,02
1634,12096,05,10,19,24,35,08,09
1635,12095,06,09,22,27,30,08,12
1636,12094,02,14,23,32,35,01,10
1637,12093,02,16,21,31,33,04,11
1638,12092,08,09,23,25,31,02,12
1639,12091,03,10,28,31,33,01,09
1640,12090,02,21,27,29,33,02,10
1641,12089,06,12,21,29,32,06,11
1642,12088,13,17,24,30,35,02,10
1643,12087,01,06,07,21,31,04,11
1644,12086,03,20,25,29,32,05,10
1645,12085,07,18,29,31,33,10,12
1646,12084,21,24,27,29,31,01,02
1647,12083,16,19,28,29,31,05,08
1648,12082,02,04,09,10,15,08,10
1649,12081,10,16,17,30,35,01,08
1650,12080,11,12,14,25,28,02,05
1651,12079,01,05,25,32,33,01,10
1652,12078,01,02,23,25,35,05,12
1653,12077,10,30,32,33,34,02,03
1654,12076,02,14,16,22,24,02,05
1655,12075,07,09,10,18,22,05,10
1656,12074,10,22,23,30,32,01,07
1657,12073,18,23,29,33,34,02,07
1658,12072,04,08,17,22,25,04,10
1659,12071,13,23,29,31,34,06,08
1660,12070,09,22,23,32,34,06,08
1661,12069,02,04,22,25,34,02,11
1662,12068,01,21,31,32,35,03,06
1663,12067,20,22,27,30,33,01,02
1664,12066,01,20,25,29,33,04,06
1665,12065,10,22,28,29,34,05,11
1666,12064,09,12,13,15,30,09,10
1667,12063,11,25,26,29,35,01,02
1668,12062,21,32,33,34,35,08,09
1669,12061,05,10,14,27,33,07,09
1670,12060,02,16,21,24,30,06,10
1671,12059,09,13,19,21,27,03,04
1672,12058,13,21,29,31,35,04,12
1673,12057,01,02,14,33,34,03,05
1674,12056,11,21,23,26,34,07,09
1675,12055,07,22,26,32,33,01,08
1676,12054,01,16,18,27,30,10,11
1677,12053,11,12,26,28,31,07,12
1678,12052,10,20,26,31,33,10,12
1679,12051,01,02,17,18,33,05,12
1680,12050,13,17,22,28,29,01,10
1681,12049,09,18,22,27,31,10,12
1682,12048,06,09,26,30,35,05,06
1683,12047,05,07,17,30,34,03,10
1684,12046,04,08,19,23,27,04,11
1685,12045,05,11,17,20,28,11,12
1686,12044,03,04,14,32,35,01,02
1687,12043,01,06,25,31,34,03,09
1688,12042,07,24,27,28,35,07,12
1689,12041,01,02,13,22,23,02,10
1690,12040,02,13,23,28,29,01,05
1691,12039,15,21,22,24,35,01,05
1692,12038,11,23,25,31,35,01,03
1693,12037,09,13,27,31,35,03,10
1694,12036,01,09,20,30,31,08,12
1695,12035,01,04,30,32,35,08,12
1696,12034,01,08,15,16,29,08,09
1697,12033,08,13,19,27,32,01,08
1698,12032,07,08,16,26,34,07,11
1699,12031,19,21,23,25,30,03,08
1700,12030,03,21,22,26,32,01,03
1701,12029,04,07,08,18,29,07,10
1702,12028,10,12,15,33,34,03,10
1703,12027,03,10,11,22,31,05,07
1704,12026,10,11,22,23,29,02,09
1705,12025,01,02,05,12,27,04,07
1706,12024,03,11,17,21,30,03,07
1707,12023,07,09,17,29,35,09,10
1708,12022,07,12,20,33,35,01,10
1709,12021,10,15,21,31,34,07,08
1710,12020,12,14,27,29,34,03,06
1711,12019,07,09,17,30,34,01,12
1712,12018,03,10,14,29,31,04,08
1713,12017,06,11,22,29,34,03,12
1714,12016,05,14,20,29,31,08,12
1715,12015,12,13,24,26,33,06,08
1716,12014,10,14,24,30,32,01,12
1717,12013,07,08,11,12,24,01,02
1718,12012,06,18,22,30,35,02,07
1719,12011,05,19,22,29,30,02,04
1720,12010,25,26,29,32,34,05,07
1721,12009,06,14,20,29,35,09,10
1722,12008,06,08,30,31,32,01,11
1723,12007,04,05,13,17,25,07,10
1724,12006,03,20,22,25,27,01,09
1725,12005,01,02,29,31,33,07,12
1726,12004,10,11,22,31,32,06,07
1727,12003,16,22,24,33,34,03,10
1728,12002,03,11,14,26,29,07,08
1729,12001,07,27,28,32,33,01,12
1730,11154,04,12,16,20,28,08,11
1731,11153,06,22,29,30,35,03,05
1732,11152,01,04,06,21,35,02,11
1733,11151,07,11,14,20,27,03,10
1734,11150,13,22,30,33,34,06,12
1735,11149,02,07,12,29,31,03,05
1736,11148,07,10,11,26,31,03,04
1737,11147,01,15,16,27,28,02,07
1738,11146,09,13,19,29,34,02,11
1739,11145,07,15,19,24,29,04,06
1740,11144,07,18,24,28,33,02,03
1741,11143,08,09,12,25,33,07,10
1742,11142,04,26,30,33,34,04,06
1743,11141,02,11,19,22,35,10,12
1744,11140,01,12,32,33,34,09,11
1745,11139,04,06,10,15,16,03,04
1746,11138,17,23,26,30,32,06,12
1747,11137,02,15,18,23,31,01,02
1748,11136,08,09,11,19,33,03,12
1749,11135,06,22,29,33,35,03,12
1750,11134,01,10,12,14,17,09,10
1751,11133,04,11,23,26,35,03,12
1752,11132,12,14,16,19,33,02,09
1753,11131,03,05,12,18,33,07,11
1754,11130,08,09,13,23,35,11,12
1755,11129,01,07,13,18,23,04,08
1756,11128,03,04,06,11,13,01,02
1757,11127,01,11,22,26,29,05,08
1758,11126,07,17,29,30,33,10,12
1759,11125,07,10,27,34,35,10,12
1760,11124,08,12,14,20,25,06,08
1761,11123,10,14,18,19,35,01,06
1762,11122,03,08,23,24,34,05,12
1763,11121,02,03,30,31,33,03,09
1764,11120,20,25,26,30,31,09,10
1765,11119,04,15,20,26,31,06,12
1766,11118,04,07,11,32,35,05,07
1767,11117,10,12,28,32,33,03,05
1768,11116,10,15,18,19,26,07,12
1769,11115,17,26,30,31,35,06,11
1770,11114,06,08,17,27,35,02,11
1771,11113,04,05,07,10,12,04,05
1772,11112,06,17,28,32,33,08,12
1773,11111,02,11,13,23,31,11,12
1774,11110,30,31,33,34,35,04,07
1775,11109,01,11,12,22,34,08,10
1776,11108,07,15,18,24,28,01,07
1777,11107,02,06,18,30,32,01,08
1778,11106,01,09,29,30,35,05,09
1779,11105,02,11,26,32,33,05,12
1780,11104,07,19,27,28,34,02,05
1781,11103,03,04,26,29,34,01,03
1782,11102,19,24,28,31,34,04,12
1783,11101,05,12,20,28,30,03,07
1784,11100,08,11,13,28,33,08,09
1785,11099,02,06,09,12,20,05,08
1786,11098,06,07,28,33,35,01,10
1787,11097,04,19,28,31,33,11,12
1788,11096,03,08,20,24,25,01,02
1789,11095,09,12,17,19,29,06,11
1790,11094,11,21,22,32,34,04,08
1791,11093,04,06,08,19,31,10,11
1792,11092,10,17,19,32,33,01,12
1793,11091,11,17,23,29,30,06,08
1794,11090,02,04,29,30,34,05,08
1795,11089,05,06,23,27,34,03,04
1796,11088,20,21,27,29,35,03,08
1797,11087,06,13,20,25,34,07,09
1798,11086,04,05,06,09,15,01,06
1799,11085,02,17,19,21,22,03,10
1800,11084,14,29,31,34,35,01,12
1801,11083,06,08,18,20,24,04,08
1802,11082,07,20,25,30,32,05,09
1803,11081,04,13,20,21,35,02,09
1804,11080,05,12,30,31,32,01,03
1805,11079,01,03,23,30,31,02,10
1806,11078,04,09,16,27,30,02,06
1807,11077,05,08,19,33,34,01,12
1808,11076,18,23,25,29,30,01,02
1809,11075,06,09,20,23,28,06,10
1810,11074,07,16,23,28,31,03,06
1811,11073,13,19,20,22,33,05,11
1812,11072,03,11,13,20,35,03,08
1813,11071,27,31,33,34,35,04,06
1814,11070,09,19,22,29,30,02,08
1815,11069,03,05,28,29,33,04,12
1816,11068,01,13,16,18,32,07,09
1817,11067,10,17,22,24,32,03,10
1818,11066,06,13,18,20,33,09,10
1819,11065,03,11,14,25,34,01,04
1820,11064,01,06,27,30,34,01,06
1821,11063,10,17,18,26,32,01,05
1822,11062,06,10,17,20,21,03,07
1823,11061,06,07,16,18,20,04,10
1824,11060,03,25,29,32,34,09,10
1825,11059,09,16,21,29,34,07,10
1826,11058,01,09,27,32,33,03,06
1827,11057,07,11,30,31,34,09,12
1828,11056,03,05,29,30,31,08,10
1829,11055,01,07,31,32,35,02,10
1830,11054,05,09,16,26,35,03,10
1831,11053,03,16,28,31,32,01,09
1832,11052,13,24,31,32,33,03,09
1833,11051,06,08,12,17,18,05,10
1834,11050,04,07,29,32,33,08,10
1835,11049,05,06,10,22,25,01,09
1836,11048,13,17,25,27,28,02,03
1837,11047,02,15,22,33,35,05,08
1838,11046,09,15,16,19,29,04,06
1839,11045,13,21,22,29,31,07,11
1840,11044,11,21,24,26,31,06,07
1841,11043,02,08,23,33,35,05,10
1842,11042,06,09,18,30,32,10,12
1843,11041,04,05,11,13,25,03,06
1844,11040,03,07,15,18,20,01,06
1845,11039,01,11,14,22,34,06,08
1846,11038,07,09,11,13,33,10,12
1847,11037,01,12,14,22,24,10,12
1848,11036,03,18,29,30,33,08,09
1849,11035,03,04,13,15,32,04,09
1850,11034,03,06,09,17,27,03,09
1851,11033,03,19,24,29,33,03,09
1852,11032,07,16,23,31,33,03,10
1853,11031,12,17,19,22,35,04,11
1854,11030,15,19,25,30,33,03,08
1855,11029,03,09,17,24,28,06,12
1856,11028,01,02,13,17,28,01,04
1857,11027,05,14,25,34,35,02,05
1858,11026,01,09,15,20,29,07,09
1859,11025,08,09,25,28,29,02,10
1860,11024,12,15,16,20,33,08,12
1861,11023,05,13,16,18,24,02,12
1862,11022,09,14,24,25,34,01,04
1863,11021,01,09,13,17,30,02,08
1864,11020,09,12,19,22,28,01,05
1865,11019,08,21,23,27,33,06,11
1866,11018,16,22,24,32,34,02,10
1867,11017,16,19,24,26,31,02,04
1868,11016,15,20,30,33,35,06,09
1869,11015,08,18,19,22,23,01,03
1870,11014,02,14,20,21,24,02,09
1871,11013,05,08,14,28,30,04,06
1872,11012,03,12,19,25,30,08,11
1873,11011,02,17,23,24,30,02,09
1874,11010,04,08,10,14,27,05,07
1875,11009,09,10,11,14,24,03,08
1876,11008,01,23,26,27,30,05,06
1877,11007,14,24,32,33,35,02,09
1878,11006,02,08,16,26,35,11,12
1879,11005,01,07,25,27,30,07,12
1880,11004,07,08,10,23,25,07,09
1881,11003,01,24,27,30,31,01,06
1882,11002,11,13,27,28,29,02,06
1883,11001,07,08,15,32,34,05,12
1884,10153,06,07,16,24,35,04,06
1885,10152,02,05,18,22,23,07,12
1886,10151,01,10,32,33,35,03,08
1887,10150,05,24,28,29,35,01,09
1888,10149,05,22,24,25,30,01,06
1889,10148,03,04,08,10,35,02,06
1890,10147,01,15,19,21,23,11,12
1891,10146,14,17,30,31,34,04,10
1892,10145,18,19,27,28,33,03,06
1893,10144,02,11,16,22,31,10,11
1894,10143,10,16,18,22,27,06,08
1895,10142,10,11,19,21,27,04,06
1896,10141,05,11,17,23,33,03,10
1897,10140,06,18,20,30,31,03,06
1898,10139,03,13,16,19,29,07,09
1899,10138,08,12,14,19,27,05,06
1900,10137,22,27,28,33,35,09,11
1901,10136,03,13,18,30,33,07,08
1902,10135,14,17,19,26,32,03,04
1903,10134,09,12,13,19,30,04,05
1904,10133,11,16,17,21,22,03,06
1905,10132,18,21,23,25,29,06,11
1906,10131,10,15,22,28,29,04,12
1907,10130,05,06,09,10,34,08,11
1908,10129,14,15,24,25,26,03,07
1909,10128,06,17,19,29,35,02,08
1910,10127,03,22,24,30,33,04,10
1911,10126,03,05,09,13,33,05,11
1912,10125,01,07,09,14,19,09,12
1913,10124,01,09,27,29,34,01,06
1914,10123,18,20,30,32,33,01,11
1915,10122,05,06,11,13,26,02,07
1916,10121,21,22,31,32,34,02,12
1917,10120,08,10,18,34,35,06,10
1918,10119,05,13,14,23,26,02,03
1919,10118,19,22,23,29,35,08,10
1920,10117,04,06,21,27,34,05,09
1921,10116,14,22,27,28,35,04,10
1922,10115,05,07,10,15,32,03,08
1923,10114,03,07,22,25,35,03,11
1924,10113,05,16,22,23,32,04,10
1925,10112,14,15,18,34,35,08,10
1926,10111,03,06,13,14,29,01,02
1927,10110,21,29,30,33,35,07,11
1928,10109,01,02,08,11,25,10,12
1929,10108,01,10,13,19,34,09,12
1930,10107,14,17,22,27,34,03,05
1931,10106,05,27,28,29,34,09,12
1932,10105,05,17,26,27,35,08,09
1933,10104,14,25,30,32,33,01,11
1934,10103,10,14,29,30,35,05,08
1935,10102,04,15,19,24,35,01,10
1936,10101,11,15,22,27,35,05,08
1937,10100,19,20,30,33,35,06,08
1938,10099,03,11,17,21,30,01,08
1939,10098,02,03,12,13,25,01,07
1940,10097,09,17,21,28,29,02,08
1941,10096,04,09,24,30,35,01,10
1942,10095,12,14,16,19,25,01,06
1943,10094,20,32,33,34,35,06,07
1944,10093,02,04,09,28,29,05,08
1945,10092,02,15,29,30,34,02,12
1946,10091,06,10,23,26,31,05,07
1947,10090,08,24,26,31,32,07,09
1948,10089,04,10,13,18,23,08,10
1949,10088,03,05,14,30,35,03,06
1950,10087,01,12,20,21,24,02,08
1951,10086,01,02,12,19,35,05,07
1952,10085,02,10,16,18,34,02,03
1953,10084,03,13,14,22,26,02,05
1954,10083,07,11,21,22,35,04,07
1955,10082,05,08,24,29,30,04,06
1956,10081,14,18,20,24,27,05,10
1957,10080,08,19,27,29,34,04,10
1958,10079,01,04,21,22,24,02,05
1959,10078,02,03,15,28,35,01,11
1960,10077,06,07,09,17,24,02,12
1961,10076,09,12,16,19,35,02,12
1962,10075,10,12,17,23,27,05,07
1963,10074,03,07,20,27,32,02,12
1964,10073,04,09,11,30,32,01,11
1965,10072,05,10,17,23,25,03,10
1966,10071,07,12,26,30,32,02,07
1967,10070,05,14,23,25,28,11,12
1968,10069,06,17,18,25,29,08,09
1969,10068,11,17,19,20,34,06,10
1970,10067,01,11,19,30,32,03,10
1971,10066,15,21,22,24,27,01,06
1972,10065,05,08,13,14,32,08,11
1973,10064,07,10,12,20,21,06,09
1974,10063,07,14,16,30,31,03,06
1975,10062,06,07,18,30,31,07,08
1976,10061,05,12,14,17,22,05,07
1977,10060,10,13,22,33,34,01,05
1978,10059,06,10,14,25,34,01,03
1979,10058,06,15,17,19,30,01,12
1980,10057,15,17,24,32,35,07,09
1981,10056,05,09,23,25,30,09,12
1982,10055,13,14,17,27,32,02,10
1983,10054,12,25,29,30,33,10,11
1984,10053,09,19,22,26,34,09,11
1985,10052,04,06,25,29,32,05,06
1986,10051,06,10,20,24,32,06,10
1987,10050,07,08,15,30,35,05,10
1988,10049,01,25,29,31,33,04,10
1989,10048,02,03,10,12,25,03,09
1990,10047,04,08,11,30,31,02,08
1991,10046,02,15,19,26,27,05,06
1992,10045,08,17,18,20,28,09,10
1993,10044,06,21,24,28,30,02,07
1994,10043,05,08,10,33,35,02,10
1995,10042,01,05,19,34,35,06,07
1996,10041,16,22,28,29,34,04,12
1997,10040,13,20,26,31,35,02,11
1998,10039,07,19,26,28,32,01,08
1999,10038,08,10,25,29,33,01,02
2000,10037,19,21,26,34,35,01,09
2001,10036,19,25,28,31,33,01,08
2002,10035,14,16,20,31,34,01,07
2003,10034,01,06,19,25,26,03,09
2004,10033,12,19,28,29,30,05,08
2005,10032,13,16,23,24,33,07,11
2006,10031,05,13,16,17,35,06,08
2007,10030,10,12,19,32,35,02,07
2008,10029,21,22,33,34,35,03,04
2009,10028,01,02,07,20,35,01,03
2010,10027,05,23,26,32,34,02,09
2011,10026,05,23,25,31,35,07,10
2012,10025,09,11,13,14,25,01,07
2013,10024,03,14,19,24,25,04,11
2014,10023,11,13,29,32,33,02,08
2015,10022,02,11,13,14,25,02,05
2016,10021,11,20,23,24,25,07,09
2017,10020,08,18,26,32,33,01,06
2018,10019,03,11,19,26,27,02,09
2019,10018,03,10,26,32,33,04,12
2020,10017,13,21,23,27,34,09,12
2021,10016,10,12,20,23,32,04,10
2022,10015,03,10,14,18,28,08,10
2023,10014,18,19,30,33,35,02,04
2024,10013,18,21,22,26,34,09,12
2025,10012,20,24,30,31,33,05,12
2026,10011,02,03,11,27,32,08,11
2027,10010,15,22,24,32,35,02,09
2028,10009,02,05,13,27,32,03,11
2029,10008,11,23,25,31,32,05,11
2030,10007,07,23,26,29,32,08,11
2031,10006,03,13,19,30,34,02,05
2032,10005,04,17,19,22,30,02,03
2033,10004,03,06,21,24,34,04,06
2034,10003,05,14,23,27,30,02,08
2035,10002,04,23,25,26,30,07,10
2036,10001,02,06,07,12,27,02,08
2037,09153,21,22,30,32,34,03,07
2038,09152,01,23,29,30,32,07,12
2039,09151,03,08,14,30,31,04,09
2040,09150,04,11,18,25,34,05,07
2041,09149,01,03,10,12,20,02,07
2042,09148,02,04,13,14,33,01,09
2043,09147,06,12,18,22,29,05,08
2044,09146,11,17,23,24,25,03,06
2045,09145,05,11,14,22,35,03,10
2046,09144,18,26,32,33,34,04,06
2047,09143,01,09,10,11,22,01,12
2048,09142,05,06,13,24,31,03,11
2049,09141,13,14,21,30,33,02,08
2050,09140,07,08,19,26,30,01,12
2051,09139,14,16,20,22,32,05,09
2052,09138,03,04,14,28,32,09,10
2053,09137,12,28,29,30,34,01,09
2054,09136,07,13,23,24,29,06,10
2055,09135,06,08,15,20,32,05,06
2056,09134,02,16,19,28,33,07,11
2057,09133,01,08,24,27,34,10,11
2058,09132,02,10,12,15,28,04,07
2059,09131,02,03,08,33,34,03,11
2060,09130,09,14,25,32,34,02,08
2061,09129,02,10,18,32,33,03,08
2062,09128,06,21,28,32,34,04,07
2063,09127,05,09,27,32,34,05,08
2064,09126,14,23,27,28,33,08,12
2065,09125,08,20,23,29,31,02,11
2066,09124,01,03,14,32,35,07,11
2067,09123,10,21,28,29,32,06,10
2068,09122,01,02,11,31,33,05,06
2069,09121,04,05,08,11,22,02,10
2070,09120,11,23,27,28,32,02,05
2071,09119,03,12,22,23,28,04,12
2072,09118,10,17,18,21,34,05,11
2073,09117,07,21,29,31,33,09,10
2074,09116,12,15,23,30,33,09,12
2075,09115,01,02,06,08,26,05,12
2076,09114,02,08,25,29,33,03,07
2077,09113,03,04,10,18,27,06,08
2078,09112,02,08,12,34,35,04,05
2079,09111,04,11,13,19,35,10,12
2080,09110,22,28,30,31,34,07,09
2081,09109,02,11,13,26,35,06,10
2082,09108,01,09,14,29,30,07,10
2083,09107,11,12,33,34,35,01,10
2084,09106,11,21,22,25,34,06,09
2085,09105,01,25,26,34,35,06,11
2086,09104,15,25,29,32,33,10,11
2087,09103,16,20,28,32,33,01,02
2088,09102,11,13,29,32,35,10,12
2089,09101,02,10,14,22,26,04,09
2090,09100,16,20,25,29,33,01,08
2091,09099,03,09,21,23,33,06,10
2092,09098,11,17,19,25,26,02,10
2093,09097,06,13,14,22,25,01,04
2094,09096,07,12,28,32,33,01,03
2095,09095,08,18,24,30,33,01,06
2096,09094,01,05,21,23,29,05,12
2097,09093,07,09,22,30,33,09,11
2098,09092,10,21,22,27,29,08,12
2099,09091,01,05,17,32,34,03,07
2100,09090,18,25,30,33,34,04,10
2101,09089,03,06,11,19,27,02,07
2102,09088,13,16,27,32,34,03,09
2103,09087,10,24,28,30,33,01,10
2104,09086,01,02,07,26,29,10,12
2105,09085,06,13,27,33,34,09,12
2106,09084,05,09,19,26,35,02,10
2107,09083,02,05,28,34,35,01,07
2108,09082,05,11,26,29,32,08,11
2109,09081,02,15,20,25,33,03,06
2110,09080,07,16,19,29,35,02,11
2111,09079,01,02,07,13,34,04,10
2112,09078,11,23,26,31,34,05,11
2113,09077,07,20,28,32,34,06,08
2114,09076,03,09,11,18,24,04,05
2115,09075,01,07,11,32,33,09,11
2116,09074,15,17,19,23,32,01,11
2117,09073,01,10,19,21,30,01,04
2118,09072,23,26,29,32,33,05,10
2119,09071,04,20,29,30,33,02,11
2120,09070,10,21,24,30,31,03,10
2121,09069,14,16,27,30,33,08,12
2122,09068,02,12,15,20,28,01,12
2123,09067,03,06,25,28,32,02,05
2124,09066,01,08,19,24,31,06,12
2125,09065,01,12,24,27,32,02,11
2126,09064,06,10,11,17,34,11,12
2127,09063,05,06,18,21,22,01,07
2128,09062,04,22,23,29,31,05,11
2129,09061,02,10,21,26,34,02,10
2130,09060,18,28,29,30,31,04,08
2131,09059,02,13,14,29,33,04,11
2132,09058,08,10,14,27,32,02,07
2133,09057,06,15,22,27,30,02,09
2134,09056,04,13,17,32,35,03,06
2135,09055,05,08,14,23,24,05,06
2136,09054,02,12,19,29,30,07,12
2137,09053,05,09,24,31,33,05,06
2138,09052,23,24,30,34,35,01,03
2139,09051,03,11,22,26,29,05,12
2140,09050,05,15,28,32,33,08,09
2141,09049,05,16,28,29,34,11,12
2142,09048,05,06,22,25,27,11,12
2143,09047,13,18,21,24,29,03,06
2144,09046,01,09,24,34,35,04,09
2145,09045,01,09,14,24,35,06,09
2146,09044,01,07,18,29,34,03,09
2147,09043,05,21,22,32,35,02,05
2148,09042,11,24,25,26,31,02,07
2149,09041,05,09,20,23,29,04,10
2150,09040,03,16,30,32,33,01,10
2151,09039,01,03,07,10,33,03,04
2152,09038,06,17,20,29,32,04,05
2153,09037,17,18,19,25,31,01,11
2154,09036,02,12,26,31,33,09,10
2155,09035,03,07,09,28,33,03,08
2156,09034,05,19,31,32,35,04,09
2157,09033,02,08,18,21,32,08,11
2158,09032,04,12,20,26,29,06,10
2159,09031,07,11,19,21,22,01,11
2160,09030,01,07,27,30,32,01,04
2161,09029,03,04,13,17,24,04,11
2162,09028,06,20,30,32,35,09,11
2163,09027,03,22,26,33,34,09,10
2164,09026,24,30,31,32,34,10,12
2165,09025,03,17,22,23,33,04,10
2166,09024,29,31,32,33,35,10,11
2167,09023,15,17,21,27,33,07,11
2168,09022,12,14,17,34,35,04,11
2169,09021,01,15,31,32,34,03,08
2170,09020,05,16,18,32,35,02,11
2171,09019,04,29,31,32,35,04,10
2172,09018,01,06,13,28,29,03,09
2173,09017,05,11,23,26,33,04,12
2174,09016,10,11,20,26,27,09,11
2175,09015,01,05,10,16,27,03,04
2176,09014,08,14,15,25,26,07,09
2177,09013,05,24,26,30,35,05,12
2178,09012,02,05,20,25,31,10,12
2179,09011,02,11,13,14,21,02,04
2180,09010,02,09,12,21,29,07,11
2181,09009,12,18,23,26,32,06,09
2182,09008,04,17,21,29,31,02,12
2183,09007,06,14,15,29,35,06,11
2184,09006,02,04,22,31,35,09,12
2185,09005,10,11,15,31,32,05,08
2186,09004,01,03,22,32,35,06,10
2187,09003,16,18,23,30,32,02,11
2188,09002,01,04,07,12,30,05,10
2189,09001,01,15,23,27,30,04,10
2190,08154,05,07,10,29,32,04,06
2191,08153,02,04,06,25,26,02,05
2192,08152,03,05,14,20,33,07,11
2193,08151,07,10,27,31,34,08,09
2194,08150,01,09,10,15,25,03,08
2195,08149,02,05,06,27,29,03,04
2196,08148,03,07,20,33,35,04,07
2197,08147,16,18,19,24,35,11,12
2198,08146,09,23,24,26,33,07,12
2199,08145,05,16,27,29,30,05,11
2200,08144,10,19,27,28,33,05,12
2201,08143,01,02,22,29,32,01,04
2202,08142,06,18,21,30,35,08,09
2203,08141,09,15,18,30,34,04,05
2204,08140,02,09,11,29,32,08,09
2205,08139,01,06,10,14,22,06,08
2206,08138,04,05,18,22,35,07,08
2207,08137,01,10,25,32,35,05,09
2208,08136,03,28,29,32,34,01,06
2209,08135,07,22,25,29,33,01,12
2210,08134,11,13,15,28,35,08,10
2211,08133,10,12,15,33,35,03,09
2212,08132,06,14,24,27,29,05,09
2213,08131,08,09,12,21,32,07,11
2214,08130,03,05,22,29,34,07,12
2215,08129,13,16,20,25,27,04,05
2216,08128,12,15,23,24,25,10,11
2217,08127,08,21,22,31,33,01,07
2218,08126,09,29,32,34,35,01,08
2219,08125,01,04,28,33,34,06,11
2220,08124,02,10,13,29,33,06,10
2221,08123,01,06,12,28,31,08,09
2222,08122,03,06,12,20,29,09,12
2223,08121,11,23,24,32,35,04,10
2224,08120,21,23,24,25,32,03,04
2225,08119,01,02,10,19,27,01,11
2226,08118,06,09,19,25,30,06,12
2227,08117,13,23,24,25,30,02,08
2228,08116,06,08,15,24,31,01,03
2229,08115,07,09,19,21,33,07,10
2230,08114,02,03,22,27,31,06,07
2231,08113,11,14,17,19,22,01,08
2232,08112,04,18,26,32,33,05,08
2233,08111,02,11,12,14,19,05,09
2234,08110,05,16,25,27,33,04,09
2235,08109,01,10,18,28,34,05,08
2236,08108,11,16,24,29,32,09,11
2237,08107,01,02,13,15,16,04,09
2238,08106,03,05,21,28,33,02,06
2239,08105,12,21,22,26,35,04,05
2240,08104,07,08,10,24,34,08,11
2241,08103,02,11,22,30,34,04,09
2242,08102,05,25,26,29,35,03,10
2243,08101,10,13,23,31,33,04,11
2244,08100,12,20,26,29,30,02,06
2245,08099,03,18,23,25,30,06,10
2246,08098,07,10,22,27,33,04,08
2247,08097,01,10,31,33,35,03,10
2248,08096,06,07,12,25,28,02,12
2249,08095,03,04,11,21,25,01,07
2250,08094,07,12,19,27,34,11,12
2251,08093,06,07,10,24,30,05,08
2252,08092,03,23,26,32,34,04,09
2253,08091,09,13,19,22,25,04,10
2254,08090,04,11,18,33,34,02,06
2255,08089,08,13,24,32,33,03,09
2256,08088,07,11,19,27,31,02,03
2257,08087,14,22,32,33,35,01,05
2258,08086,01,06,10,22,35,03,07
2259,08085,03,07,13,15,19,02,10
2260,08084,02,17,20,22,25,05,11
2261,08083,06,14,15,30,31,03,10
2262,08082,15,19,29,33,35,01,02
2263,08081,07,08,20,22,29,04,07
2264,08080,06,09,29,31,33,05,11
2265,08079,20,23,26,32,33,05,12
2266,08078,08,17,20,28,31,07,11
2267,08077,01,08,21,33,34,05,07
2268,08076,03,05,10,27,34,01,12
2269,08075,01,10,13,30,33,06,07
2270,08074,10,13,22,31,35,04,12
2271,08073,02,05,06,07,31,08,10
2272,08072,10,25,32,33,34,03,09
2273,08071,01,05,11,14,25,01,09
2274,08070,09,17,18,21,31,01,05
2275,08069,05,13,16,29,33,06,08
2276,08068,06,09,11,33,34,06,10
2277,08067,03,10,14,15,22,04,07
2278,08066,02,07,21,22,25,04,12
2279,08065,19,22,23,25,32,06,12
2280,08064,14,18,24,27,31,06,07
2281,08063,07,11,24,30,35,06,08
2282,08062,01,15,27,28,29,03,10
2283,08061,07,10,14,19,32,03,06
2284,08060,03,13,17,23,30,01,11
2285,08059,07,13,21,25,31,08,10
2286,08058,03,09,11,29,33,03,12
2287,08057,05,08,09,17,33,05,06
2288,08056,15,19,25,30,31,03,09
2289,08055,02,14,28,30,35,04,12
2290,08054,05,14,23,31,35,02,06
2291,08053,01,13,21,23,32,03,06
2292,08052,03,18,19,30,35,05,09
2293,08051,01,07,09,11,33,03,11
2294,08050,01,05,11,26,27,03,07
2295,08049,01,11,14,28,30,03,10
2296,08048,01,13,22,25,27,02,10
2297,08047,12,18,22,23,30,06,12
2298,08046,11,25,26,27,35,07,08
2299,08045,14,32,33,34,35,02,04
2300,08044,02,21,23,27,32,10,11
2301,08043,05,08,10,31,33,02,04
2302,08042,05,10,13,32,35,04,05
2303,08041,07,17,21,22,28,05,10
2304,08040,04,08,19,22,29,08,11
2305,08039,07,11,15,27,35,04,07
2306,08038,12,13,19,32,33,02,10
2307,08037,11,20,24,31,35,04,10
2308,08036,09,19,22,30,32,01,10
2309,08035,02,12,13,29,30,05,07
2310,08034,06,07,18,34,35,05,10
2311,08033,03,10,21,23,30,01,09
2312,08032,03,09,19,27,33,09,10
2313,08031,14,20,23,27,28,02,04
2314,08030,03,21,23,26,35,05,08
2315,08029,06,11,18,29,30,04,11
2316,08028,03,11,17,19,26,07,12
2317,08027,05,17,23,31,32,04,08
2318,08026,01,21,22,24,25,08,10
2319,08025,06,10,12,15,28,04,12
2320,08024,08,12,17,20,30,01,02
2321,08023,06,26,31,32,34,07,10
2322,08022,09,12,13,25,31,08,10
2323,08021,05,10,13,21,24,04,09
2324,08020,04,05,15,17,33,04,08
2325,08019,08,24,25,29,31,04,05
2326,08018,03,06,07,11,30,02,03
2327,08017,02,14,25,29,32,01,06
2328,08016,08,10,11,17,19,06,09
2329,08015,09,18,20,27,33,06,09
2330,08014,04,07,10,28,34,01,06
2331,08013,01,11,19,22,35,05,09
2332,08012,02,10,29,32,35,02,03
2333,08011,14,20,22,24,27,07,10
2334,08010,06,23,24,27,29,06,08
2335,08009,04,08,12,24,30,05,08
2336,08008,02,06,08,17,32,08,09
2337,08007,03,04,05,12,28,03,12
2338,08006,10,12,26,29,34,05,07
2339,08005,18,25,29,31,34,09,10
2340,08004,09,22,24,31,33,08,09
2341,08003,01,11,13,32,35,02,07
2342,08002,01,12,24,31,32,10,12
2343,08001,01,02,11,34,35,03,10
2344,07093,06,08,16,25,27,08,12
2345,07092,06,19,27,28,29,06,10
2346,07091,07,12,26,31,32,03,08
2347,07090,04,20,24,31,33,09,12
2348,07089,08,13,24,30,34,01,12
2349,07088,17,18,21,23,33,06,10
2350,07087,08,18,30,31,33,04,09
2351,07086,14,18,19,26,28,03,09
2352,07085,17,24,28,29,33,02,05
2353,07084,05,11,18,29,34,10,11
2354,07083,01,05,20,21,24,03,04
2355,07082,03,05,14,33,34,07,08
2356,07081,06,18,20,22,35,04,09
2357,07080,01,15,20,25,27,05,10
2358,07079,06,09,25,26,31,02,08
2359,07078,09,12,14,22,23,01,02
2360,07077,04,06,12,13,24,01,04
2361,07076,02,09,12,15,31,09,10
2362,07075,05,11,20,30,32,07,11
2363,07074,16,17,23,24,31,05,10
2364,07073,04,05,09,12,23,02,11
2365,07072,21,24,26,27,33,01,05
2366,07071,10,22,32,33,35,01,07
2367,07070,07,26,29,30,35,03,04
2368,07069,02,13,16,21,35,01,05
2369,07068,04,09,13,14,33,06,10
2370,07067,11,18,25,30,31,04,09
2371,07066,04,07,08,19,24,07,12
2372,07065,19,20,24,29,31,09,10
2373,07064,02,16,32,33,35,05,10
2374,07063,10,31,33,34,35,07,12
2375,07062,01,04,10,14,29,11,12
2376,07061,02,10,19,28,29,02,09
2377,07060,12,13,29,30,31,04,07
2378,07059,04,15,23,31,33,03,09
2379,07058,08,21,25,28,33,02,06
2380,07057,14,16,30,32,35,06,07
2381,07056,04,11,17,20,21,05,09
2382,07055,10,16,24,31,33,07,10
2383,07054,04,10,19,29,34,03,06
2384,07053,11,16,19,21,25,01,10
2385,07052,01,14,29,32,33,05,10
2386,07051,03,07,24,28,35,08,11
2387,07050,13,21,22,30,35,01,11
2388,07049,09,10,15,17,32,04,06
2389,07048,08,25,26,29,35,06,08
2390,07047,01,06,15,19,35,02,09
2391,07046,04,16,18,23,30,01,10
2392,07045,09,16,20,26,35,11,12
2393,07044,04,05,07,12,26,01,10
2394,07043,04,09,22,24,31,02,06
2395,07042,07,10,22,31,35,05,06
2396,07041,03,16,17,22,35,01,08
2397,07040,05,21,25,28,35,01,04
2398,07039,10,11,20,21,35,07,11
2399,07038,06,21,25,27,32,08,09
2400,07037,01,06,07,17,31,11,12
2401,07036,15,18,21,27,34,01,02
2402,07035,07,11,16,31,32,01,12
2403,07034,06,08,11,13,22,02,11
2404,07033,01,05,08,14,22,03,12
2405,07032,01,13,21,23,32,04,11
2406,07031,03,21,27,31,32,06,08
2407,07030,11,14,27,33,35,02,07
2408,07029,15,22,25,29,35,09,11
2409,07028,20,26,30,34,35,03,10
2410,07027,02,03,10,19,27,06,10
2411,07026,05,09,13,33,35,01,08
2412,07025,22,24,26,27,34,02,10
2413,07024,06,16,20,25,31,04,09
2414,07023,08,10,23,32,34,08,10
2415,07022,08,10,12,23,25,03,10
2416,07021,02,04,24,29,33,01,02
2417,07020,02,06,11,12,18,05,12
2418,07019,03,06,17,22,23,04,06
2419,07018,03,04,16,23,28,06,09
2420,07017,13,14,29,32,34,03,12
2421,07016,01,14,19,24,31,03,12
2422,07015,02,08,12,13,17,11,12
2423,07014,01,02,07,29,32,06,07
2424,07013,12,17,27,29,34,06,09
2425,07012,03,12,15,29,34,07,11
2426,07011,29,32,33,34,35,09,10
2427,07010,06,08,18,29,34,09,11
2428,07009,01,03,09,19,34,09,12
2429,07008,02,08,11,21,23,04,07
2430,07007,14,16,25,26,35,04,09
2431,07006,01,16,20,23,28,03,06
2432,07005,01,09,19,20,30,02,11
2433,07004,06,10,16,17,25,02,04
2434,07003,03,04,18,23,32,01,06
2435,07002,15,22,31,34,35,05,12
2436,07001,22,24,29,31,35,04,11
